EmployeeID,Name,Department,Designation,Age,Gender,City
1,Employee_1,IT,Officer,23,Male,Mardan
2,Employee_2,Finance,Assistant,24,Female,Swat
3,Employee_3,Sales,Executive,25,Male,Islamabad
4,Employee_4,Marketing,Analyst,26,Female,Lahore
5,Employee_5,HR,Manager,27,Male,Peshawar
6,Employee_6,IT,Officer,28,Female,Mardan
7,Employee_7,Finance,Assistant,29,Male,Swat
8,Employee_8,Sales,Executive,30,Female,Islamabad
9,Employee_9,Marketing,Analyst,31,Male,Lahore
10,Employee_10,HR,Manager,32,Female,Peshawar
11,Employee_11,IT,Officer,33,Male,Mardan
12,Employee_12,Finance,Assistant,34,Female,Swat
13,Employee_13,Sales,Executive,35,Male,Islamabad
14,Employee_14,Marketing,Analyst,36,Female,Lahore
15,Employee_15,HR,Manager,37,Male,Peshawar
16,Employee_16,IT,Officer,38,Female,Mardan
17,Employee_17,Finance,Assistant,39,Male,Swat
18,Employee_18,Sales,Executive,40,Female,Islamabad
19,Employee_19,Marketing,Analyst,41,Male,Lahore
20,Employee_20,HR,Manager,42,Female,Peshawar
21,Employee_21,IT,Officer,43,Male,Mardan
22,Employee_22,Finance,Assistant,44,Female,Swat
23,Employee_23,Sales,Executive,45,Male,Islamabad
24,Employee_24,Marketing,Analyst,22,Female,Lahore
25,Employee_25,HR,Manager,23,Male,Peshawar
26,Employee_26,IT,Officer,24,Female,Mardan
27,Employee_27,Finance,Assistant,25,Male,Swat
28,Employee_28,Sales,Executive,26,Female,Islamabad
29,Employee_29,Marketing,Analyst,27,Male,Lahore
30,Employee_30,HR,Manager,28,Female,Peshawar
31,Employee_31,IT,Officer,29,Male,Mardan
32,Employee_32,Finance,Assistant,30,Female,Swat
33,Employee_33,Sales,Executive,31,Male,Islamabad
34,Employee_34,Marketing,Analyst,32,Female,Lahore
35,Employee_35,HR,Manager,33,Male,Peshawar
36,Employee_36,IT,Officer,34,Female,Mardan
37,Employee_37,Finance,Assistant,35,Male,Swat
38,Employee_38,Sales,Executive,36,Female,Islamabad
39,Employee_39,Marketing,Analyst,37,Male,Lahore
40,Employee_40,HR,Manager,38,Female,Peshawar
41,Employee_41,IT,Officer,39,Male,Mardan
42,Employee_42,Finance,Assistant,40,Female,Swat
43,Employee_43,Sales,Executive,41,Male,Islamabad
44,Employee_44,Marketing,Analyst,42,Female,Lahore
45,Employee_45,HR,Manager,43,Male,Peshawar
46,Employee_46,IT,Officer,44,Female,Mardan
47,Employee_47,Finance,Assistant,45,Male,Swat
48,Employee_48,Sales,Executive,22,Female,Islamabad
49,Employee_49,Marketing,Analyst,23,Male,Lahore
50,Employee_50,HR,Manager,24,Female,Peshawar
51,Employee_51,IT,Officer,25,Male,Mardan
52,Employee_52,Finance,Assistant,26,Female,Swat
53,Employee_53,Sales,Executive,27,Male,Islamabad
54,Employee_54,Marketing,Analyst,28,Female,Lahore
55,Employee_55,HR,Manager,29,Male,Peshawar
56,Employee_56,IT,Officer,30,Female,Mardan
57,Employee_57,Finance,Assistant,31,Male,Swat
58,Employee_58,Sales,Executive,32,Female,Islamabad
59,Employee_59,Marketing,Analyst,33,Male,Lahore
60,Employee_60,HR,Manager,34,Female,Peshawar
61,Employee_61,IT,Officer,35,Male,Mardan
62,Employee_62,Finance,Assistant,36,Female,Swat
63,Employee_63,Sales,Executive,37,Male,Islamabad
64,Employee_64,Marketing,Analyst,38,Female,Lahore
65,Employee_65,HR,Manager,39,Male,Peshawar
66,Employee_66,IT,Officer,40,Female,Mardan
67,Employee_67,Finance,Assistant,41,Male,Swat
68,Employee_68,Sales,Executive,42,Female,Islamabad
69,Employee_69,Marketing,Analyst,43,Male,Lahore
70,Employee_70,HR,Manager,44,Female,Peshawar
71,Employee_71,IT,Officer,45,Male,Mardan
72,Employee_72,Finance,Assistant,22,Female,Swat
73,Employee_73,Sales,Executive,23,Male,Islamabad
74,Employee_74,Marketing,Analyst,24,Female,Lahore
75,Employee_75,HR,Manager,25,Male,Peshawar
76,Employee_76,IT,Officer,26,Female,Mardan
77,Employee_77,Finance,Assistant,27,Male,Swat
78,Employee_78,Sales,Executive,28,Female,Islamabad
79,Employee_79,Marketing,Analyst,29,Male,Lahore
80,Employee_80,HR,Manager,30,Female,Peshawar
81,Employee_81,IT,Officer,31,Male,Mardan
82,Employee_82,Finance,Assistant,32,Female,Swat
83,Employee_83,Sales,Executive,33,Male,Islamabad
84,Employee_84,Marketing,Analyst,34,Female,Lahore
85,Employee_85,HR,Manager,35,Male,Peshawar
86,Employee_86,IT,Officer,36,Female,Mardan
87,Employee_87,Finance,Assistant,37,Male,Swat
88,Employee_88,Sales,Executive,38,Female,Islamabad
89,Employee_89,Marketing,Analyst,39,Male,Lahore
90,Employee_90,HR,Manager,40,Female,Peshawar
91,Employee_91,IT,Officer,41,Male,Mardan
92,Employee_92,Finance,Assistant,42,Female,Swat
93,Employee_93,Sales,Executive,43,Male,Islamabad
94,Employee_94,Marketing,Analyst,44,Female,Lahore
95,Employee_95,HR,Manager,45,Male,Peshawar
96,Employee_96,IT,Officer,22,Female,Mardan
97,Employee_97,Finance,Assistant,23,Male,Swat
98,Employee_98,Sales,Executive,24,Female,Islamabad
99,Employee_99,Marketing,Analyst,25,Male,Lahore
100,Employee_100,HR,Manager,26,Female,Peshawar
101,Employee_101,IT,Officer,27,Male,Mardan
102,Employee_102,Finance,Assistant,28,Female,Swat
103,Employee_103,Sales,Executive,29,Male,Islamabad
104,Employee_104,Marketing,Analyst,30,Female,Lahore
105,Employee_105,HR,Manager,31,Male,Peshawar
106,Employee_106,IT,Officer,32,Female,Mardan
107,Employee_107,Finance,Assistant,33,Male,Swat
108,Employee_108,Sales,Executive,34,Female,Islamabad
109,Employee_109,Marketing,Analyst,35,Male,Lahore
110,Employee_110,HR,Manager,36,Female,Peshawar
111,Employee_111,IT,Officer,37,Male,Mardan
112,Employee_112,Finance,Assistant,38,Female,Swat
113,Employee_113,Sales,Executive,39,Male,Islamabad
114,Employee_114,Marketing,Analyst,40,Female,Lahore
115,Employee_115,HR,Manager,41,Male,Peshawar
116,Employee_116,IT,Officer,42,Female,Mardan
117,Employee_117,Finance,Assistant,43,Male,Swat
118,Employee_118,Sales,Executive,44,Female,Islamabad
119,Employee_119,Marketing,Analyst,45,Male,Lahore
120,Employee_120,HR,Manager,22,Female,Peshawar
121,Employee_121,IT,Officer,23,Male,Mardan
122,Employee_122,Finance,Assistant,24,Female,Swat
123,Employee_123,Sales,Executive,25,Male,Islamabad
124,Employee_124,Marketing,Analyst,26,Female,Lahore
125,Employee_125,HR,Manager,27,Male,Peshawar
126,Employee_126,IT,Officer,28,Female,Mardan
127,Employee_127,Finance,Assistant,29,Male,Swat
128,Employee_128,Sales,Executive,30,Female,Islamabad
129,Employee_129,Marketing,Analyst,31,Male,Lahore
130,Employee_130,HR,Manager,32,Female,Peshawar
131,Employee_131,IT,Officer,33,Male,Mardan
132,Employee_132,Finance,Assistant,34,Female,Swat
133,Employee_133,Sales,Executive,35,Male,Islamabad
134,Employee_134,Marketing,Analyst,36,Female,Lahore
135,Employee_135,HR,Manager,37,Male,Peshawar
136,Employee_136,IT,Officer,38,Female,Mardan
137,Employee_137,Finance,Assistant,39,Male,Swat
138,Employee_138,Sales,Executive,40,Female,Islamabad
139,Employee_139,Marketing,Analyst,41,Male,Lahore
140,Employee_140,HR,Manager,42,Female,Peshawar
141,Employee_141,IT,Officer,43,Male,Mardan
142,Employee_142,Finance,Assistant,44,Female,Swat
143,Employee_143,Sales,Executive,45,Male,Islamabad
144,Employee_144,Marketing,Analyst,22,Female,Lahore
145,Employee_145,HR,Manager,23,Male,Peshawar
146,Employee_146,IT,Officer,24,Female,Mardan
147,Employee_147,Finance,Assistant,25,Male,Swat
148,Employee_148,Sales,Executive,26,Female,Islamabad
149,Employee_149,Marketing,Analyst,27,Male,Lahore
150,Employee_150,HR,Manager,28,Female,Peshawar
151,Employee_151,IT,Officer,29,Male,Mardan
152,Employee_152,Finance,Assistant,30,Female,Swat
153,Employee_153,Sales,Executive,31,Male,Islamabad
154,Employee_154,Marketing,Analyst,32,Female,Lahore
155,Employee_155,HR,Manager,33,Male,Peshawar
156,Employee_156,IT,Officer,34,Female,Mardan
157,Employee_157,Finance,Assistant,35,Male,Swat
158,Employee_158,Sales,Executive,36,Female,Islamabad
159,Employee_159,Marketing,Analyst,37,Male,Lahore
160,Employee_160,HR,Manager,38,Female,Peshawar
161,Employee_161,IT,Officer,39,Male,Mardan
162,Employee_162,Finance,Assistant,40,Female,Swat
163,Employee_163,Sales,Executive,41,Male,Islamabad
164,Employee_164,Marketing,Analyst,42,Female,Lahore
165,Employee_165,HR,Manager,43,Male,Peshawar
166,Employee_166,IT,Officer,44,Female,Mardan
167,Employee_167,Finance,Assistant,45,Male,Swat
168,Employee_168,Sales,Executive,22,Female,Islamabad
169,Employee_169,Marketing,Analyst,23,Male,Lahore
170,Employee_170,HR,Manager,24,Female,Peshawar
171,Employee_171,IT,Officer,25,Male,Mardan
172,Employee_172,Finance,Assistant,26,Female,Swat
173,Employee_173,Sales,Executive,27,Male,Islamabad
174,Employee_174,Marketing,Analyst,28,Female,Lahore
175,Employee_175,HR,Manager,29,Male,Peshawar
176,Employee_176,IT,Officer,30,Female,Mardan
177,Employee_177,Finance,Assistant,31,Male,Swat
178,Employee_178,Sales,Executive,32,Female,Islamabad
179,Employee_179,Marketing,Analyst,33,Male,Lahore
180,Employee_180,HR,Manager,34,Female,Peshawar
181,Employee_181,IT,Officer,35,Male,Mardan
182,Employee_182,Finance,Assistant,36,Female,Swat
183,Employee_183,Sales,Executive,37,Male,Islamabad
184,Employee_184,Marketing,Analyst,38,Female,Lahore
185,Employee_185,HR,Manager,39,Male,Peshawar
186,Employee_186,IT,Officer,40,Female,Mardan
187,Employee_187,Finance,Assistant,41,Male,Swat
188,Employee_188,Sales,Executive,42,Female,Islamabad
189,Employee_189,Marketing,Analyst,43,Male,Lahore
190,Employee_190,HR,Manager,44,Female,Peshawar
191,Employee_191,IT,Officer,45,Male,Mardan
192,Employee_192,Finance,Assistant,22,Female,Swat
193,Employee_193,Sales,Executive,23,Male,Islamabad
194,Employee_194,Marketing,Analyst,24,Female,Lahore
195,Employee_195,HR,Manager,25,Male,Peshawar
196,Employee_196,IT,Officer,26,Female,Mardan
197,Employee_197,Finance,Assistant,27,Male,Swat
198,Employee_198,Sales,Executive,28,Female,Islamabad
199,Employee_199,Marketing,Analyst,29,Male,Lahore
200,Employee_200,HR,Manager,30,Female,Peshawar
201,Employee_201,IT,Officer,31,Male,Mardan
202,Employee_202,Finance,Assistant,32,Female,Swat
203,Employee_203,Sales,Executive,33,Male,Islamabad
204,Employee_204,Marketing,Analyst,34,Female,Lahore
205,Employee_205,HR,Manager,35,Male,Peshawar
206,Employee_206,IT,Officer,36,Female,Mardan
207,Employee_207,Finance,Assistant,37,Male,Swat
208,Employee_208,Sales,Executive,38,Female,Islamabad
209,Employee_209,Marketing,Analyst,39,Male,Lahore
210,Employee_210,HR,Manager,40,Female,Peshawar
211,Employee_211,IT,Officer,41,Male,Mardan
212,Employee_212,Finance,Assistant,42,Female,Swat
213,Employee_213,Sales,Executive,43,Male,Islamabad
214,Employee_214,Marketing,Analyst,44,Female,Lahore
215,Employee_215,HR,Manager,45,Male,Peshawar
216,Employee_216,IT,Officer,22,Female,Mardan
217,Employee_217,Finance,Assistant,23,Male,Swat
218,Employee_218,Sales,Executive,24,Female,Islamabad
219,Employee_219,Marketing,Analyst,25,Male,Lahore
220,Employee_220,HR,Manager,26,Female,Peshawar
221,Employee_221,IT,Officer,27,Male,Mardan
222,Employee_222,Finance,Assistant,28,Female,Swat
223,Employee_223,Sales,Executive,29,Male,Islamabad
224,Employee_224,Marketing,Analyst,30,Female,Lahore
225,Employee_225,HR,Manager,31,Male,Peshawar
226,Employee_226,IT,Officer,32,Female,Mardan
227,Employee_227,Finance,Assistant,33,Male,Swat
228,Employee_228,Sales,Executive,34,Female,Islamabad
229,Employee_229,Marketing,Analyst,35,Male,Lahore
230,Employee_230,HR,Manager,36,Female,Peshawar
231,Employee_231,IT,Officer,37,Male,Mardan
232,Employee_232,Finance,Assistant,38,Female,Swat
233,Employee_233,Sales,Executive,39,Male,Islamabad
234,Employee_234,Marketing,Analyst,40,Female,Lahore
235,Employee_235,HR,Manager,41,Male,Peshawar
236,Employee_236,IT,Officer,42,Female,Mardan
237,Employee_237,Finance,Assistant,43,Male,Swat
238,Employee_238,Sales,Executive,44,Female,Islamabad
239,Employee_239,Marketing,Analyst,45,Male,Lahore
240,Employee_240,HR,Manager,22,Female,Peshawar
241,Employee_241,IT,Officer,23,Male,Mardan
242,Employee_242,Finance,Assistant,24,Female,Swat
243,Employee_243,Sales,Executive,25,Male,Islamabad
244,Employee_244,Marketing,Analyst,26,Female,Lahore
245,Employee_245,HR,Manager,27,Male,Peshawar
246,Employee_246,IT,Officer,28,Female,Mardan
247,Employee_247,Finance,Assistant,29,Male,Swat
248,Employee_248,Sales,Executive,30,Female,Islamabad
249,Employee_249,Marketing,Analyst,31,Male,Lahore
250,Employee_250,HR,Manager,32,Female,Peshawar
251,Employee_251,IT,Officer,33,Male,Mardan
252,Employee_252,Finance,Assistant,34,Female,Swat
253,Employee_253,Sales,Executive,35,Male,Islamabad
254,Employee_254,Marketing,Analyst,36,Female,Lahore
255,Employee_255,HR,Manager,37,Male,Peshawar
256,Employee_256,IT,Officer,38,Female,Mardan
257,Employee_257,Finance,Assistant,39,Male,Swat
258,Employee_258,Sales,Executive,40,Female,Islamabad
259,Employee_259,Marketing,Analyst,41,Male,Lahore
260,Employee_260,HR,Manager,42,Female,Peshawar
261,Employee_261,IT,Officer,43,Male,Mardan
262,Employee_262,Finance,Assistant,44,Female,Swat
263,Employee_263,Sales,Executive,45,Male,Islamabad
264,Employee_264,Marketing,Analyst,22,Female,Lahore
265,Employee_265,HR,Manager,23,Male,Peshawar
266,Employee_266,IT,Officer,24,Female,Mardan
267,Employee_267,Finance,Assistant,25,Male,Swat
268,Employee_268,Sales,Executive,26,Female,Islamabad
269,Employee_269,Marketing,Analyst,27,Male,Lahore
270,Employee_270,HR,Manager,28,Female,Peshawar
271,Employee_271,IT,Officer,29,Male,Mardan
272,Employee_272,Finance,Assistant,30,Female,Swat
273,Employee_273,Sales,Executive,31,Male,Islamabad
274,Employee_274,Marketing,Analyst,32,Female,Lahore
275,Employee_275,HR,Manager,33,Male,Peshawar
276,Employee_276,IT,Officer,34,Female,Mardan
277,Employee_277,Finance,Assistant,35,Male,Swat
278,Employee_278,Sales,Executive,36,Female,Islamabad
279,Employee_279,Marketing,Analyst,37,Male,Lahore
280,Employee_280,HR,Manager,38,Female,Peshawar
281,Employee_281,IT,Officer,39,Male,Mardan
282,Employee_282,Finance,Assistant,40,Female,Swat
283,Employee_283,Sales,Executive,41,Male,Islamabad
284,Employee_284,Marketing,Analyst,42,Female,Lahore
285,Employee_285,HR,Manager,43,Male,Peshawar
286,Employee_286,IT,Officer,44,Female,Mardan
287,Employee_287,Finance,Assistant,45,Male,Swat
288,Employee_288,Sales,Executive,22,Female,Islamabad
289,Employee_289,Marketing,Analyst,23,Male,Lahore
290,Employee_290,HR,Manager,24,Female,Peshawar
291,Employee_291,IT,Officer,25,Male,Mardan
292,Employee_292,Finance,Assistant,26,Female,Swat
293,Employee_293,Sales,Executive,27,Male,Islamabad
294,Employee_294,Marketing,Analyst,28,Female,Lahore
295,Employee_295,HR,Manager,29,Male,Peshawar
296,Employee_296,IT,Officer,30,Female,Mardan
297,Employee_297,Finance,Assistant,31,Male,Swat
298,Employee_298,Sales,Executive,32,Female,Islamabad
299,Employee_299,Marketing,Analyst,33,Male,Lahore
300,Employee_300,HR,Manager,34,Female,Peshawar
301,Employee_301,IT,Officer,35,Male,Mardan
302,Employee_302,Finance,Assistant,36,Female,Swat
303,Employee_303,Sales,Executive,37,Male,Islamabad
304,Employee_304,Marketing,Analyst,38,Female,Lahore
305,Employee_305,HR,Manager,39,Male,Peshawar
306,Employee_306,IT,Officer,40,Female,Mardan
307,Employee_307,Finance,Assistant,41,Male,Swat
308,Employee_308,Sales,Executive,42,Female,Islamabad
309,Employee_309,Marketing,Analyst,43,Male,Lahore
310,Employee_310,HR,Manager,44,Female,Peshawar
311,Employee_311,IT,Officer,45,Male,Mardan
312,Employee_312,Finance,Assistant,22,Female,Swat
313,Employee_313,Sales,Executive,23,Male,Islamabad
314,Employee_314,Marketing,Analyst,24,Female,Lahore
315,Employee_315,HR,Manager,25,Male,Peshawar
316,Employee_316,IT,Officer,26,Female,Mardan
317,Employee_317,Finance,Assistant,27,Male,Swat
318,Employee_318,Sales,Executive,28,Female,Islamabad
319,Employee_319,Marketing,Analyst,29,Male,Lahore
320,Employee_320,HR,Manager,30,Female,Peshawar
321,Employee_321,IT,Officer,31,Male,Mardan
322,Employee_322,Finance,Assistant,32,Female,Swat
323,Employee_323,Sales,Executive,33,Male,Islamabad
324,Employee_324,Marketing,Analyst,34,Female,Lahore
325,Employee_325,HR,Manager,35,Male,Peshawar
326,Employee_326,IT,Officer,36,Female,Mardan
327,Employee_327,Finance,Assistant,37,Male,Swat
328,Employee_328,Sales,Executive,38,Female,Islamabad
329,Employee_329,Marketing,Analyst,39,Male,Lahore
330,Employee_330,HR,Manager,40,Female,Peshawar
331,Employee_331,IT,Officer,41,Male,Mardan
332,Employee_332,Finance,Assistant,42,Female,Swat
333,Employee_333,Sales,Executive,43,Male,Islamabad
334,Employee_334,Marketing,Analyst,44,Female,Lahore
335,Employee_335,HR,Manager,45,Male,Peshawar
336,Employee_336,IT,Officer,22,Female,Mardan
337,Employee_337,Finance,Assistant,23,Male,Swat
338,Employee_338,Sales,Executive,24,Female,Islamabad
339,Employee_339,Marketing,Analyst,25,Male,Lahore
340,Employee_340,HR,Manager,26,Female,Peshawar
341,Employee_341,IT,Officer,27,Male,Mardan
342,Employee_342,Finance,Assistant,28,Female,Swat
343,Employee_343,Sales,Executive,29,Male,Islamabad
344,Employee_344,Marketing,Analyst,30,Female,Lahore
345,Employee_345,HR,Manager,31,Male,Peshawar
346,Employee_346,IT,Officer,32,Female,Mardan
347,Employee_347,Finance,Assistant,33,Male,Swat
348,Employee_348,Sales,Executive,34,Female,Islamabad
349,Employee_349,Marketing,Analyst,35,Male,Lahore
350,Employee_350,HR,Manager,36,Female,Peshawar
351,Employee_351,IT,Officer,37,Male,Mardan
352,Employee_352,Finance,Assistant,38,Female,Swat
353,Employee_353,Sales,Executive,39,Male,Islamabad
354,Employee_354,Marketing,Analyst,40,Female,Lahore
355,Employee_355,HR,Manager,41,Male,Peshawar
356,Employee_356,IT,Officer,42,Female,Mardan
357,Employee_357,Finance,Assistant,43,Male,Swat
358,Employee_358,Sales,Executive,44,Female,Islamabad
359,Employee_359,Marketing,Analyst,45,Male,Lahore
360,Employee_360,HR,Manager,22,Female,Peshawar
361,Employee_361,IT,Officer,23,Male,Mardan
362,Employee_362,Finance,Assistant,24,Female,Swat
363,Employee_363,Sales,Executive,25,Male,Islamabad
364,Employee_364,Marketing,Analyst,26,Female,Lahore
365,Employee_365,HR,Manager,27,Male,Peshawar
366,Employee_366,IT,Officer,28,Female,Mardan
367,Employee_367,Finance,Assistant,29,Male,Swat
368,Employee_368,Sales,Executive,30,Female,Islamabad
369,Employee_369,Marketing,Analyst,31,Male,Lahore
370,Employee_370,HR,Manager,32,Female,Peshawar
371,Employee_371,IT,Officer,33,Male,Mardan
372,Employee_372,Finance,Assistant,34,Female,Swat
373,Employee_373,Sales,Executive,35,Male,Islamabad
374,Employee_374,Marketing,Analyst,36,Female,Lahore
375,Employee_375,HR,Manager,37,Male,Peshawar
376,Employee_376,IT,Officer,38,Female,Mardan
377,Employee_377,Finance,Assistant,39,Male,Swat
378,Employee_378,Sales,Executive,40,Female,Islamabad
379,Employee_379,Marketing,Analyst,41,Male,Lahore
380,Employee_380,HR,Manager,42,Female,Peshawar
381,Employee_381,IT,Officer,43,Male,Mardan
382,Employee_382,Finance,Assistant,44,Female,Swat
383,Employee_383,Sales,Executive,45,Male,Islamabad
384,Employee_384,Marketing,Analyst,22,Female,Lahore
385,Employee_385,HR,Manager,23,Male,Peshawar
386,Employee_386,IT,Officer,24,Female,Mardan
387,Employee_387,Finance,Assistant,25,Male,Swat
388,Employee_388,Sales,Executive,26,Female,Islamabad
389,Employee_389,Marketing,Analyst,27,Male,Lahore
390,Employee_390,HR,Manager,28,Female,Peshawar
391,Employee_391,IT,Officer,29,Male,Mardan
392,Employee_392,Finance,Assistant,30,Female,Swat
393,Employee_393,Sales,Executive,31,Male,Islamabad
394,Employee_394,Marketing,Analyst,32,Female,Lahore
395,Employee_395,HR,Manager,33,Male,Peshawar
396,Employee_396,IT,Officer,34,Female,Mardan
397,Employee_397,Finance,Assistant,35,Male,Swat
398,Employee_398,Sales,Executive,36,Female,Islamabad
399,Employee_399,Marketing,Analyst,37,Male,Lahore
400,Employee_400,HR,Manager,38,Female,Peshawar
401,Employee_401,IT,Officer,39,Male,Mardan
402,Employee_402,Finance,Assistant,40,Female,Swat
403,Employee_403,Sales,Executive,41,Male,Islamabad
404,Employee_404,Marketing,Analyst,42,Female,Lahore
405,Employee_405,HR,Manager,43,Male,Peshawar
406,Employee_406,IT,Officer,44,Female,Mardan
407,Employee_407,Finance,Assistant,45,Male,Swat
408,Employee_408,Sales,Executive,22,Female,Islamabad
409,Employee_409,Marketing,Analyst,23,Male,Lahore
410,Employee_410,HR,Manager,24,Female,Peshawar
411,Employee_411,IT,Officer,25,Male,Mardan
412,Employee_412,Finance,Assistant,26,Female,Swat
413,Employee_413,Sales,Executive,27,Male,Islamabad
414,Employee_414,Marketing,Analyst,28,Female,Lahore
415,Employee_415,HR,Manager,29,Male,Peshawar
416,Employee_416,IT,Officer,30,Female,Mardan
417,Employee_417,Finance,Assistant,31,Male,Swat
418,Employee_418,Sales,Executive,32,Female,Islamabad
419,Employee_419,Marketing,Analyst,33,Male,Lahore
420,Employee_420,HR,Manager,34,Female,Peshawar
421,Employee_421,IT,Officer,35,Male,Mardan
422,Employee_422,Finance,Assistant,36,Female,Swat
423,Employee_423,Sales,Executive,37,Male,Islamabad
424,Employee_424,Marketing,Analyst,38,Female,Lahore
425,Employee_425,HR,Manager,39,Male,Peshawar
426,Employee_426,IT,Officer,40,Female,Mardan
427,Employee_427,Finance,Assistant,41,Male,Swat
428,Employee_428,Sales,Executive,42,Female,Islamabad
429,Employee_429,Marketing,Analyst,43,Male,Lahore
430,Employee_430,HR,Manager,44,Female,Peshawar
431,Employee_431,IT,Officer,45,Male,Mardan
432,Employee_432,Finance,Assistant,22,Female,Swat
433,Employee_433,Sales,Executive,23,Male,Islamabad
434,Employee_434,Marketing,Analyst,24,Female,Lahore
435,Employee_435,HR,Manager,25,Male,Peshawar
436,Employee_436,IT,Officer,26,Female,Mardan
437,Employee_437,Finance,Assistant,27,Male,Swat
438,Employee_438,Sales,Executive,28,Female,Islamabad
439,Employee_439,Marketing,Analyst,29,Male,Lahore
440,Employee_440,HR,Manager,30,Female,Peshawar
441,Employee_441,IT,Officer,31,Male,Mardan
442,Employee_442,Finance,Assistant,32,Female,Swat
443,Employee_443,Sales,Executive,33,Male,Islamabad
444,Employee_444,Marketing,Analyst,34,Female,Lahore
445,Employee_445,HR,Manager,35,Male,Peshawar
446,Employee_446,IT,Officer,36,Female,Mardan
447,Employee_447,Finance,Assistant,37,Male,Swat
448,Employee_448,Sales,Executive,38,Female,Islamabad
449,Employee_449,Marketing,Analyst,39,Male,Lahore
450,Employee_450,HR,Manager,40,Female,Peshawar
451,Employee_451,IT,Officer,41,Male,Mardan
452,Employee_452,Finance,Assistant,42,Female,Swat
453,Employee_453,Sales,Executive,43,Male,Islamabad
454,Employee_454,Marketing,Analyst,44,Female,Lahore
455,Employee_455,HR,Manager,45,Male,Peshawar
456,Employee_456,IT,Officer,22,Female,Mardan
457,Employee_457,Finance,Assistant,23,Male,Swat
458,Employee_458,Sales,Executive,24,Female,Islamabad
459,Employee_459,Marketing,Analyst,25,Male,Lahore
460,Employee_460,HR,Manager,26,Female,Peshawar
461,Employee_461,IT,Officer,27,Male,Mardan
462,Employee_462,Finance,Assistant,28,Female,Swat
463,Employee_463,Sales,Executive,29,Male,Islamabad
464,Employee_464,Marketing,Analyst,30,Female,Lahore
465,Employee_465,HR,Manager,31,Male,Peshawar
466,Employee_466,IT,Officer,32,Female,Mardan
467,Employee_467,Finance,Assistant,33,Male,Swat
468,Employee_468,Sales,Executive,34,Female,Islamabad
469,Employee_469,Marketing,Analyst,35,Male,Lahore
470,Employee_470,HR,Manager,36,Female,Peshawar
471,Employee_471,IT,Officer,37,Male,Mardan
472,Employee_472,Finance,Assistant,38,Female,Swat
473,Employee_473,Sales,Executive,39,Male,Islamabad
474,Employee_474,Marketing,Analyst,40,Female,Lahore
475,Employee_475,HR,Manager,41,Male,Peshawar
476,Employee_476,IT,Officer,42,Female,Mardan
477,Employee_477,Finance,Assistant,43,Male,Swat
478,Employee_478,Sales,Executive,44,Female,Islamabad
479,Employee_479,Marketing,Analyst,45,Male,Lahore
480,Employee_480,HR,Manager,22,Female,Peshawar
481,Employee_481,IT,Officer,23,Male,Mardan
482,Employee_482,Finance,Assistant,24,Female,Swat
483,Employee_483,Sales,Executive,25,Male,Islamabad
484,Employee_484,Marketing,Analyst,26,Female,Lahore
485,Employee_485,HR,Manager,27,Male,Peshawar
486,Employee_486,IT,Officer,28,Female,Mardan
487,Employee_487,Finance,Assistant,29,Male,Swat
488,Employee_488,Sales,Executive,30,Female,Islamabad
489,Employee_489,Marketing,Analyst,31,Male,Lahore
490,Employee_490,HR,Manager,32,Female,Peshawar
491,Employee_491,IT,Officer,33,Male,Mardan
492,Employee_492,Finance,Assistant,34,Female,Swat
493,Employee_493,Sales,Executive,35,Male,Islamabad
494,Employee_494,Marketing,Analyst,36,Female,Lahore
495,Employee_495,HR,Manager,37,Male,Peshawar
496,Employee_496,IT,Officer,38,Female,Mardan
497,Employee_497,Finance,Assistant,39,Male,Swat
498,Employee_498,Sales,Executive,40,Female,Islamabad
499,Employee_499,Marketing,Analyst,41,Male,Lahore
500,Employee_500,HR,Manager,42,Female,Peshawar
