CustomerID,Name,Gender,Age,City,Country,JoinDate,Email
1,Customer 1,Male,19,Quetta,Pakistan,2024-05-05,customer1@mail.com
2,Customer 2,Male,26,Lahore,Pakistan,2024-12-12,customer2@mail.com
3,Customer 3,Male,55,Faisalabad,Pakistan,2024-01-17,customer3@mail.com
4,Customer 4,Male,23,Peshawar,Pakistan,2024-04-29,customer4@mail.com
5,Customer 5,Male,53,Peshawar,Pakistan,2024-11-28,customer5@mail.com
6,Customer 6,Female,32,Rawalpindi,Pakistan,2024-10-28,customer6@mail.com
7,Customer 7,Female,18,Islamabad,Pakistan,2024-12-23,customer7@mail.com
8,Customer 8,Female,39,Quetta,Pakistan,2024-03-20,customer8@mail.com
9,Customer 9,Male,39,Lahore,Pakistan,2024-02-17,customer9@mail.com
10,Customer 10,Female,24,Multan,Pakistan,2024-06-25,customer10@mail.com
11,Customer 11,Female,20,Rawalpindi,Pakistan,2024-10-01,customer11@mail.com
12,Customer 12,Male,42,Lahore,Pakistan,2024-10-09,customer12@mail.com
13,Customer 13,Female,58,Multan,Pakistan,2024-10-22,customer13@mail.com
14,Customer 14,Male,22,Karachi,Pakistan,2024-12-04,customer14@mail.com
15,Customer 15,Male,36,Lahore,Pakistan,2024-04-29,customer15@mail.com
16,Customer 16,Male,42,Quetta,Pakistan,2024-08-20,customer16@mail.com
17,Customer 17,Female,28,Multan,Pakistan,2024-06-30,customer17@mail.com
18,Customer 18,Male,60,Quetta,Pakistan,2024-12-25,customer18@mail.com
19,Customer 19,Male,56,Islamabad,Pakistan,2024-09-30,customer19@mail.com
20,Customer 20,Male,28,Rawalpindi,Pakistan,2024-07-13,customer20@mail.com
21,Customer 21,Female,58,Peshawar,Pakistan,2024-12-16,customer21@mail.com
22,Customer 22,Female,21,Peshawar,Pakistan,2024-01-17,customer22@mail.com
23,Customer 23,Female,43,Quetta,Pakistan,2024-02-03,customer23@mail.com
24,Customer 24,Male,54,Multan,Pakistan,2024-04-18,customer24@mail.com
25,Customer 25,Female,43,Rawalpindi,Pakistan,2024-03-14,customer25@mail.com
26,Customer 26,Female,26,Peshawar,Pakistan,2024-10-14,customer26@mail.com
27,Customer 27,Female,55,Faisalabad,Pakistan,2024-10-25,customer27@mail.com
28,Customer 28,Female,41,Peshawar,Pakistan,2024-03-11,customer28@mail.com
29,Customer 29,Female,23,Karachi,Pakistan,2024-02-26,customer29@mail.com
30,Customer 30,Male,58,Islamabad,Pakistan,2024-12-14,customer30@mail.com
31,Customer 31,Female,56,Lahore,Pakistan,2024-07-16,customer31@mail.com
32,Customer 32,Female,56,Rawalpindi,Pakistan,2024-09-27,customer32@mail.com
33,Customer 33,Female,53,Karachi,Pakistan,2024-12-14,customer33@mail.com
34,Customer 34,Male,52,Quetta,Pakistan,2024-11-24,customer34@mail.com
35,Customer 35,Female,25,Quetta,Pakistan,2024-08-10,customer35@mail.com
36,Customer 36,Male,47,Karachi,Pakistan,2024-05-14,customer36@mail.com
37,Customer 37,Male,50,Lahore,Pakistan,2024-11-16,customer37@mail.com
38,Customer 38,Female,58,Peshawar,Pakistan,2024-03-19,customer38@mail.com
39,Customer 39,Female,28,Karachi,Pakistan,2024-11-02,customer39@mail.com
40,Customer 40,Female,49,Karachi,Pakistan,2024-02-27,customer40@mail.com
41,Customer 41,Female,37,Peshawar,Pakistan,2024-01-30,customer41@mail.com
42,Customer 42,Male,54,Lahore,Pakistan,2024-02-13,customer42@mail.com
43,Customer 43,Female,22,Islamabad,Pakistan,2024-03-06,customer43@mail.com
44,Customer 44,Female,53,Islamabad,Pakistan,2024-05-15,customer44@mail.com
45,Customer 45,Female,31,Peshawar,Pakistan,2024-12-31,customer45@mail.com
46,Customer 46,Female,43,Multan,Pakistan,2024-08-12,customer46@mail.com
47,Customer 47,Female,25,Peshawar,Pakistan,2024-04-25,customer47@mail.com
48,Customer 48,Male,39,Karachi,Pakistan,2024-10-28,customer48@mail.com
49,Customer 49,Male,55,Peshawar,Pakistan,2024-01-04,customer49@mail.com
50,Customer 50,Male,58,Karachi,Pakistan,2024-04-27,customer50@mail.com
51,Customer 51,Male,20,Multan,Pakistan,2024-02-06,customer51@mail.com
52,Customer 52,Male,35,Rawalpindi,Pakistan,2024-04-19,customer52@mail.com
53,Customer 53,Male,54,Rawalpindi,Pakistan,2024-05-04,customer53@mail.com
54,Customer 54,Female,44,Peshawar,Pakistan,2024-02-18,customer54@mail.com
55,Customer 55,Male,60,Faisalabad,Pakistan,2024-06-30,customer55@mail.com
56,Customer 56,Female,44,Rawalpindi,Pakistan,2024-01-28,customer56@mail.com
57,Customer 57,Male,21,Faisalabad,Pakistan,2024-06-22,customer57@mail.com
58,Customer 58,Male,33,Peshawar,Pakistan,2024-04-07,customer58@mail.com
59,Customer 59,Female,26,Faisalabad,Pakistan,2024-04-03,customer59@mail.com
60,Customer 60,Female,47,Peshawar,Pakistan,2024-02-08,customer60@mail.com
61,Customer 61,Female,53,Lahore,Pakistan,2024-01-26,customer61@mail.com
62,Customer 62,Male,23,Peshawar,Pakistan,2024-03-26,customer62@mail.com
63,Customer 63,Female,49,Rawalpindi,Pakistan,2024-04-19,customer63@mail.com
64,Customer 64,Female,21,Islamabad,Pakistan,2024-07-13,customer64@mail.com
65,Customer 65,Male,42,Quetta,Pakistan,2024-08-20,customer65@mail.com
66,Customer 66,Female,45,Rawalpindi,Pakistan,2024-03-20,customer66@mail.com
67,Customer 67,Male,36,Peshawar,Pakistan,2024-01-30,customer67@mail.com
68,Customer 68,Male,38,Karachi,Pakistan,2024-01-26,customer68@mail.com
69,Customer 69,Female,50,Islamabad,Pakistan,2024-01-30,customer69@mail.com
70,Customer 70,Male,29,Lahore,Pakistan,2024-10-31,customer70@mail.com
71,Customer 71,Male,33,Faisalabad,Pakistan,2024-03-02,customer71@mail.com
72,Customer 72,Male,55,Karachi,Pakistan,2024-11-13,customer72@mail.com
73,Customer 73,Male,44,Multan,Pakistan,2024-05-13,customer73@mail.com
74,Customer 74,Male,60,Multan,Pakistan,2024-05-02,customer74@mail.com
75,Customer 75,Female,43,Islamabad,Pakistan,2024-12-09,customer75@mail.com
76,Customer 76,Female,47,Multan,Pakistan,2024-02-07,customer76@mail.com
77,Customer 77,Male,47,Lahore,Pakistan,2024-02-07,customer77@mail.com
78,Customer 78,Male,50,Quetta,Pakistan,2024-03-08,customer78@mail.com
79,Customer 79,Female,22,Peshawar,Pakistan,2024-07-08,customer79@mail.com
80,Customer 80,Female,28,Rawalpindi,Pakistan,2024-10-05,customer80@mail.com
81,Customer 81,Female,57,Karachi,Pakistan,2024-12-07,customer81@mail.com
82,Customer 82,Female,60,Lahore,Pakistan,2024-03-09,customer82@mail.com
83,Customer 83,Female,25,Lahore,Pakistan,2024-10-10,customer83@mail.com
84,Customer 84,Male,35,Quetta,Pakistan,2024-11-05,customer84@mail.com
85,Customer 85,Male,39,Peshawar,Pakistan,2024-12-17,customer85@mail.com
86,Customer 86,Female,50,Rawalpindi,Pakistan,2024-05-08,customer86@mail.com
87,Customer 87,Male,23,Faisalabad,Pakistan,2024-05-21,customer87@mail.com
88,Customer 88,Male,18,Multan,Pakistan,2024-03-07,customer88@mail.com
89,Customer 89,Female,28,Rawalpindi,Pakistan,2024-10-09,customer89@mail.com
90,Customer 90,Female,53,Karachi,Pakistan,2024-02-27,customer90@mail.com
91,Customer 91,Male,27,Karachi,Pakistan,2024-07-08,customer91@mail.com
92,Customer 92,Male,45,Islamabad,Pakistan,2024-01-22,customer92@mail.com
93,Customer 93,Female,41,Karachi,Pakistan,2024-07-02,customer93@mail.com
94,Customer 94,Male,33,Lahore,Pakistan,2024-06-30,customer94@mail.com
95,Customer 95,Female,57,Islamabad,Pakistan,2024-05-01,customer95@mail.com
96,Customer 96,Male,29,Faisalabad,Pakistan,2024-01-13,customer96@mail.com
97,Customer 97,Male,39,Faisalabad,Pakistan,2024-12-08,customer97@mail.com
98,Customer 98,Male,35,Islamabad,Pakistan,2024-12-25,customer98@mail.com
99,Customer 99,Male,42,Karachi,Pakistan,2024-08-28,customer99@mail.com
100,Customer 100,Male,30,Rawalpindi,Pakistan,2024-06-28,customer100@mail.com
101,Customer 101,Female,32,Peshawar,Pakistan,2024-01-13,customer101@mail.com
102,Customer 102,Male,43,Multan,Pakistan,2024-05-22,customer102@mail.com
103,Customer 103,Male,35,Multan,Pakistan,2024-11-24,customer103@mail.com
104,Customer 104,Female,52,Multan,Pakistan,2024-01-15,customer104@mail.com
105,Customer 105,Male,34,Islamabad,Pakistan,2024-10-24,customer105@mail.com
106,Customer 106,Female,20,Lahore,Pakistan,2024-11-01,customer106@mail.com
107,Customer 107,Female,40,Multan,Pakistan,2024-08-11,customer107@mail.com
108,Customer 108,Male,42,Peshawar,Pakistan,2024-05-10,customer108@mail.com
109,Customer 109,Male,45,Karachi,Pakistan,2024-09-23,customer109@mail.com
110,Customer 110,Male,41,Faisalabad,Pakistan,2024-02-05,customer110@mail.com
111,Customer 111,Female,57,Multan,Pakistan,2024-12-05,customer111@mail.com
112,Customer 112,Male,37,Quetta,Pakistan,2024-12-07,customer112@mail.com
113,Customer 113,Female,38,Faisalabad,Pakistan,2024-12-22,customer113@mail.com
114,Customer 114,Female,53,Islamabad,Pakistan,2024-04-08,customer114@mail.com
115,Customer 115,Female,60,Faisalabad,Pakistan,2024-12-12,customer115@mail.com
116,Customer 116,Male,57,Quetta,Pakistan,2024-07-26,customer116@mail.com
117,Customer 117,Male,37,Quetta,Pakistan,2024-04-17,customer117@mail.com
118,Customer 118,Female,55,Multan,Pakistan,2024-08-26,customer118@mail.com
119,Customer 119,Female,46,Peshawar,Pakistan,2024-09-18,customer119@mail.com
120,Customer 120,Female,28,Lahore,Pakistan,2024-05-25,customer120@mail.com
121,Customer 121,Female,23,Peshawar,Pakistan,2024-12-10,customer121@mail.com
122,Customer 122,Female,32,Peshawar,Pakistan,2024-03-16,customer122@mail.com
123,Customer 123,Male,20,Peshawar,Pakistan,2024-08-31,customer123@mail.com
124,Customer 124,Male,47,Faisalabad,Pakistan,2024-11-18,customer124@mail.com
125,Customer 125,Male,42,Rawalpindi,Pakistan,2024-07-23,customer125@mail.com
126,Customer 126,Male,27,Karachi,Pakistan,2024-02-24,customer126@mail.com
127,Customer 127,Female,32,Islamabad,Pakistan,2024-12-22,customer127@mail.com
128,Customer 128,Female,21,Peshawar,Pakistan,2024-03-03,customer128@mail.com
129,Customer 129,Female,26,Rawalpindi,Pakistan,2024-12-07,customer129@mail.com
130,Customer 130,Female,46,Faisalabad,Pakistan,2024-10-07,customer130@mail.com
131,Customer 131,Female,28,Rawalpindi,Pakistan,2024-08-18,customer131@mail.com
132,Customer 132,Female,33,Quetta,Pakistan,2024-09-23,customer132@mail.com
133,Customer 133,Female,58,Peshawar,Pakistan,2024-05-20,customer133@mail.com
134,Customer 134,Female,22,Quetta,Pakistan,2024-04-30,customer134@mail.com
135,Customer 135,Female,39,Multan,Pakistan,2024-10-03,customer135@mail.com
136,Customer 136,Male,26,Islamabad,Pakistan,2024-04-28,customer136@mail.com
137,Customer 137,Female,27,Peshawar,Pakistan,2024-02-02,customer137@mail.com
138,Customer 138,Female,44,Multan,Pakistan,2024-10-04,customer138@mail.com
139,Customer 139,Female,44,Karachi,Pakistan,2024-04-15,customer139@mail.com
140,Customer 140,Female,42,Karachi,Pakistan,2024-10-21,customer140@mail.com
141,Customer 141,Female,48,Karachi,Pakistan,2024-06-29,customer141@mail.com
142,Customer 142,Female,42,Faisalabad,Pakistan,2024-10-02,customer142@mail.com
143,Customer 143,Male,49,Peshawar,Pakistan,2024-05-19,customer143@mail.com
144,Customer 144,Female,49,Karachi,Pakistan,2024-07-18,customer144@mail.com
145,Customer 145,Female,60,Faisalabad,Pakistan,2024-03-25,customer145@mail.com
146,Customer 146,Female,26,Karachi,Pakistan,2024-07-20,customer146@mail.com
147,Customer 147,Male,23,Faisalabad,Pakistan,2024-03-10,customer147@mail.com
148,Customer 148,Female,29,Karachi,Pakistan,2024-05-13,customer148@mail.com
149,Customer 149,Female,38,Peshawar,Pakistan,2024-08-20,customer149@mail.com
150,Customer 150,Female,39,Faisalabad,Pakistan,2024-05-22,customer150@mail.com
151,Customer 151,Female,34,Lahore,Pakistan,2024-08-28,customer151@mail.com
152,Customer 152,Male,52,Karachi,Pakistan,2024-06-28,customer152@mail.com
153,Customer 153,Male,59,Lahore,Pakistan,2024-11-29,customer153@mail.com
154,Customer 154,Male,19,Peshawar,Pakistan,2024-04-12,customer154@mail.com
155,Customer 155,Male,57,Islamabad,Pakistan,2024-05-02,customer155@mail.com
156,Customer 156,Male,48,Lahore,Pakistan,2024-10-15,customer156@mail.com
157,Customer 157,Male,47,Quetta,Pakistan,2024-07-07,customer157@mail.com
158,Customer 158,Male,56,Lahore,Pakistan,2024-03-24,customer158@mail.com
159,Customer 159,Female,24,Karachi,Pakistan,2024-06-08,customer159@mail.com
160,Customer 160,Female,43,Peshawar,Pakistan,2024-02-08,customer160@mail.com
161,Customer 161,Male,24,Quetta,Pakistan,2024-12-16,customer161@mail.com
162,Customer 162,Male,54,Karachi,Pakistan,2024-06-26,customer162@mail.com
163,Customer 163,Female,60,Multan,Pakistan,2024-02-05,customer163@mail.com
164,Customer 164,Female,18,Faisalabad,Pakistan,2024-09-07,customer164@mail.com
165,Customer 165,Male,45,Multan,Pakistan,2024-11-21,customer165@mail.com
166,Customer 166,Female,27,Faisalabad,Pakistan,2024-03-31,customer166@mail.com
167,Customer 167,Female,57,Rawalpindi,Pakistan,2024-08-26,customer167@mail.com
168,Customer 168,Female,55,Quetta,Pakistan,2024-06-14,customer168@mail.com
169,Customer 169,Male,23,Quetta,Pakistan,2024-08-18,customer169@mail.com
170,Customer 170,Male,47,Faisalabad,Pakistan,2024-06-21,customer170@mail.com
171,Customer 171,Male,49,Multan,Pakistan,2024-04-03,customer171@mail.com
172,Customer 172,Female,31,Multan,Pakistan,2024-05-12,customer172@mail.com
173,Customer 173,Female,35,Quetta,Pakistan,2024-10-11,customer173@mail.com
174,Customer 174,Male,51,Peshawar,Pakistan,2024-02-13,customer174@mail.com
175,Customer 175,Male,44,Rawalpindi,Pakistan,2024-10-11,customer175@mail.com
176,Customer 176,Male,48,Rawalpindi,Pakistan,2024-08-17,customer176@mail.com
177,Customer 177,Male,23,Quetta,Pakistan,2024-04-23,customer177@mail.com
178,Customer 178,Female,33,Quetta,Pakistan,2024-12-05,customer178@mail.com
179,Customer 179,Female,48,Multan,Pakistan,2024-08-05,customer179@mail.com
180,Customer 180,Female,40,Rawalpindi,Pakistan,2024-05-18,customer180@mail.com
181,Customer 181,Female,34,Peshawar,Pakistan,2024-03-02,customer181@mail.com
182,Customer 182,Male,38,Lahore,Pakistan,2024-10-01,customer182@mail.com
183,Customer 183,Male,30,Peshawar,Pakistan,2024-09-04,customer183@mail.com
184,Customer 184,Female,55,Quetta,Pakistan,2024-02-21,customer184@mail.com
185,Customer 185,Male,36,Peshawar,Pakistan,2024-07-03,customer185@mail.com
186,Customer 186,Male,37,Karachi,Pakistan,2024-12-28,customer186@mail.com
187,Customer 187,Male,35,Karachi,Pakistan,2024-01-28,customer187@mail.com
188,Customer 188,Female,26,Rawalpindi,Pakistan,2024-02-22,customer188@mail.com
189,Customer 189,Male,54,Quetta,Pakistan,2024-08-28,customer189@mail.com
190,Customer 190,Female,46,Multan,Pakistan,2024-04-04,customer190@mail.com
191,Customer 191,Male,34,Rawalpindi,Pakistan,2024-02-28,customer191@mail.com
192,Customer 192,Male,43,Rawalpindi,Pakistan,2024-02-07,customer192@mail.com
193,Customer 193,Male,27,Islamabad,Pakistan,2024-10-15,customer193@mail.com
194,Customer 194,Female,23,Peshawar,Pakistan,2024-03-01,customer194@mail.com
195,Customer 195,Female,56,Peshawar,Pakistan,2024-09-24,customer195@mail.com
196,Customer 196,Female,46,Rawalpindi,Pakistan,2024-06-01,customer196@mail.com
197,Customer 197,Female,37,Karachi,Pakistan,2024-11-08,customer197@mail.com
198,Customer 198,Male,31,Peshawar,Pakistan,2024-05-15,customer198@mail.com
199,Customer 199,Male,28,Peshawar,Pakistan,2024-03-29,customer199@mail.com
200,Customer 200,Male,28,Karachi,Pakistan,2024-07-28,customer200@mail.com
201,Customer 201,Female,56,Rawalpindi,Pakistan,2024-05-29,customer201@mail.com
202,Customer 202,Male,32,Quetta,Pakistan,2024-12-27,customer202@mail.com
203,Customer 203,Female,47,Lahore,Pakistan,2024-12-17,customer203@mail.com
204,Customer 204,Male,34,Peshawar,Pakistan,2024-08-05,customer204@mail.com
205,Customer 205,Male,52,Peshawar,Pakistan,2024-11-27,customer205@mail.com
206,Customer 206,Male,35,Islamabad,Pakistan,2024-02-06,customer206@mail.com
207,Customer 207,Male,28,Quetta,Pakistan,2024-10-31,customer207@mail.com
208,Customer 208,Female,46,Lahore,Pakistan,2024-08-27,customer208@mail.com
209,Customer 209,Female,43,Quetta,Pakistan,2024-09-13,customer209@mail.com
210,Customer 210,Female,46,Lahore,Pakistan,2024-11-02,customer210@mail.com
211,Customer 211,Male,45,Multan,Pakistan,2024-11-05,customer211@mail.com
212,Customer 212,Female,19,Lahore,Pakistan,2024-04-27,customer212@mail.com
213,Customer 213,Male,35,Karachi,Pakistan,2024-03-30,customer213@mail.com
214,Customer 214,Female,51,Rawalpindi,Pakistan,2024-05-22,customer214@mail.com
215,Customer 215,Male,55,Faisalabad,Pakistan,2024-11-21,customer215@mail.com
216,Customer 216,Female,23,Rawalpindi,Pakistan,2024-06-27,customer216@mail.com
217,Customer 217,Female,39,Multan,Pakistan,2024-12-09,customer217@mail.com
218,Customer 218,Male,28,Multan,Pakistan,2024-07-29,customer218@mail.com
219,Customer 219,Female,36,Faisalabad,Pakistan,2024-10-08,customer219@mail.com
220,Customer 220,Male,47,Lahore,Pakistan,2024-06-10,customer220@mail.com
221,Customer 221,Female,38,Lahore,Pakistan,2024-07-25,customer221@mail.com
222,Customer 222,Male,60,Rawalpindi,Pakistan,2024-07-30,customer222@mail.com
223,Customer 223,Male,30,Multan,Pakistan,2024-11-14,customer223@mail.com
224,Customer 224,Female,58,Rawalpindi,Pakistan,2024-01-27,customer224@mail.com
225,Customer 225,Male,35,Islamabad,Pakistan,2024-05-27,customer225@mail.com
226,Customer 226,Female,49,Lahore,Pakistan,2024-01-15,customer226@mail.com
227,Customer 227,Male,28,Quetta,Pakistan,2024-10-09,customer227@mail.com
228,Customer 228,Male,53,Faisalabad,Pakistan,2024-02-17,customer228@mail.com
229,Customer 229,Male,25,Rawalpindi,Pakistan,2024-03-01,customer229@mail.com
230,Customer 230,Male,49,Quetta,Pakistan,2024-09-17,customer230@mail.com
231,Customer 231,Female,44,Rawalpindi,Pakistan,2024-08-29,customer231@mail.com
232,Customer 232,Male,47,Islamabad,Pakistan,2024-07-15,customer232@mail.com
233,Customer 233,Male,56,Islamabad,Pakistan,2024-02-05,customer233@mail.com
234,Customer 234,Female,44,Multan,Pakistan,2024-09-16,customer234@mail.com
235,Customer 235,Female,18,Quetta,Pakistan,2024-06-01,customer235@mail.com
236,Customer 236,Female,27,Rawalpindi,Pakistan,2024-10-02,customer236@mail.com
237,Customer 237,Female,40,Multan,Pakistan,2024-10-09,customer237@mail.com
238,Customer 238,Female,47,Multan,Pakistan,2024-04-06,customer238@mail.com
239,Customer 239,Male,54,Faisalabad,Pakistan,2024-04-29,customer239@mail.com
240,Customer 240,Female,20,Multan,Pakistan,2024-08-30,customer240@mail.com
241,Customer 241,Female,42,Islamabad,Pakistan,2024-09-10,customer241@mail.com
242,Customer 242,Male,26,Multan,Pakistan,2024-02-21,customer242@mail.com
243,Customer 243,Female,24,Rawalpindi,Pakistan,2024-01-08,customer243@mail.com
244,Customer 244,Male,44,Islamabad,Pakistan,2024-02-08,customer244@mail.com
245,Customer 245,Female,34,Multan,Pakistan,2024-11-15,customer245@mail.com
246,Customer 246,Female,59,Lahore,Pakistan,2024-06-17,customer246@mail.com
247,Customer 247,Female,38,Rawalpindi,Pakistan,2024-10-04,customer247@mail.com
248,Customer 248,Male,57,Lahore,Pakistan,2024-04-30,customer248@mail.com
249,Customer 249,Female,32,Lahore,Pakistan,2024-08-10,customer249@mail.com
250,Customer 250,Male,58,Lahore,Pakistan,2024-08-15,customer250@mail.com
251,Customer 251,Male,37,Karachi,Pakistan,2024-01-24,customer251@mail.com
252,Customer 252,Female,21,Quetta,Pakistan,2024-07-02,customer252@mail.com
253,Customer 253,Female,45,Islamabad,Pakistan,2024-05-05,customer253@mail.com
254,Customer 254,Female,54,Islamabad,Pakistan,2024-03-28,customer254@mail.com
255,Customer 255,Male,23,Faisalabad,Pakistan,2024-11-13,customer255@mail.com
256,Customer 256,Male,49,Islamabad,Pakistan,2024-04-28,customer256@mail.com
257,Customer 257,Female,58,Quetta,Pakistan,2024-08-23,customer257@mail.com
258,Customer 258,Female,60,Karachi,Pakistan,2024-08-26,customer258@mail.com
259,Customer 259,Female,52,Islamabad,Pakistan,2024-02-07,customer259@mail.com
260,Customer 260,Female,40,Quetta,Pakistan,2024-11-23,customer260@mail.com
261,Customer 261,Female,34,Rawalpindi,Pakistan,2024-06-03,customer261@mail.com
262,Customer 262,Male,42,Rawalpindi,Pakistan,2024-02-24,customer262@mail.com
263,Customer 263,Male,42,Multan,Pakistan,2024-10-21,customer263@mail.com
264,Customer 264,Female,36,Karachi,Pakistan,2024-12-03,customer264@mail.com
265,Customer 265,Female,35,Karachi,Pakistan,2024-10-16,customer265@mail.com
266,Customer 266,Male,56,Rawalpindi,Pakistan,2024-05-26,customer266@mail.com
267,Customer 267,Male,56,Multan,Pakistan,2024-04-22,customer267@mail.com
268,Customer 268,Male,57,Quetta,Pakistan,2024-12-13,customer268@mail.com
269,Customer 269,Male,58,Lahore,Pakistan,2024-11-17,customer269@mail.com
270,Customer 270,Male,37,Rawalpindi,Pakistan,2024-01-18,customer270@mail.com
271,Customer 271,Female,26,Lahore,Pakistan,2024-05-31,customer271@mail.com
272,Customer 272,Female,44,Islamabad,Pakistan,2024-04-12,customer272@mail.com
273,Customer 273,Male,52,Multan,Pakistan,2024-09-28,customer273@mail.com
274,Customer 274,Female,28,Quetta,Pakistan,2024-09-03,customer274@mail.com
275,Customer 275,Female,39,Lahore,Pakistan,2024-08-27,customer275@mail.com
276,Customer 276,Male,27,Peshawar,Pakistan,2024-12-12,customer276@mail.com
277,Customer 277,Female,53,Multan,Pakistan,2024-02-16,customer277@mail.com
278,Customer 278,Female,18,Quetta,Pakistan,2024-10-01,customer278@mail.com
279,Customer 279,Male,47,Multan,Pakistan,2024-12-10,customer279@mail.com
280,Customer 280,Female,55,Faisalabad,Pakistan,2024-11-22,customer280@mail.com
281,Customer 281,Female,24,Peshawar,Pakistan,2024-08-29,customer281@mail.com
282,Customer 282,Male,57,Multan,Pakistan,2024-11-08,customer282@mail.com
283,Customer 283,Male,59,Lahore,Pakistan,2024-11-21,customer283@mail.com
284,Customer 284,Female,37,Faisalabad,Pakistan,2024-02-29,customer284@mail.com
285,Customer 285,Male,20,Karachi,Pakistan,2024-06-04,customer285@mail.com
286,Customer 286,Female,25,Lahore,Pakistan,2024-04-30,customer286@mail.com
287,Customer 287,Male,42,Rawalpindi,Pakistan,2024-07-08,customer287@mail.com
288,Customer 288,Female,55,Islamabad,Pakistan,2024-07-31,customer288@mail.com
289,Customer 289,Male,49,Faisalabad,Pakistan,2024-05-23,customer289@mail.com
290,Customer 290,Male,41,Peshawar,Pakistan,2024-08-15,customer290@mail.com
291,Customer 291,Female,33,Multan,Pakistan,2024-02-20,customer291@mail.com
292,Customer 292,Female,52,Multan,Pakistan,2024-02-01,customer292@mail.com
293,Customer 293,Female,35,Peshawar,Pakistan,2024-03-03,customer293@mail.com
294,Customer 294,Female,23,Peshawar,Pakistan,2024-11-24,customer294@mail.com
295,Customer 295,Male,21,Multan,Pakistan,2024-05-04,customer295@mail.com
296,Customer 296,Male,54,Peshawar,Pakistan,2024-02-05,customer296@mail.com
297,Customer 297,Male,55,Peshawar,Pakistan,2024-04-29,customer297@mail.com
298,Customer 298,Female,27,Karachi,Pakistan,2024-05-21,customer298@mail.com
299,Customer 299,Male,26,Quetta,Pakistan,2024-03-30,customer299@mail.com
300,Customer 300,Male,60,Karachi,Pakistan,2024-03-08,customer300@mail.com
301,Customer 301,Male,40,Peshawar,Pakistan,2024-10-28,customer301@mail.com
302,Customer 302,Female,19,Islamabad,Pakistan,2024-05-15,customer302@mail.com
303,Customer 303,Male,26,Faisalabad,Pakistan,2024-09-26,customer303@mail.com
304,Customer 304,Male,22,Rawalpindi,Pakistan,2024-08-17,customer304@mail.com
305,Customer 305,Female,50,Lahore,Pakistan,2024-08-19,customer305@mail.com
306,Customer 306,Male,57,Karachi,Pakistan,2024-12-03,customer306@mail.com
307,Customer 307,Female,47,Karachi,Pakistan,2024-02-01,customer307@mail.com
308,Customer 308,Female,43,Faisalabad,Pakistan,2024-12-17,customer308@mail.com
309,Customer 309,Male,49,Rawalpindi,Pakistan,2024-02-07,customer309@mail.com
310,Customer 310,Male,38,Islamabad,Pakistan,2024-02-03,customer310@mail.com
311,Customer 311,Male,35,Multan,Pakistan,2024-07-14,customer311@mail.com
312,Customer 312,Female,47,Faisalabad,Pakistan,2024-02-20,customer312@mail.com
313,Customer 313,Male,59,Peshawar,Pakistan,2024-08-08,customer313@mail.com
314,Customer 314,Female,32,Faisalabad,Pakistan,2024-06-22,customer314@mail.com
315,Customer 315,Female,43,Faisalabad,Pakistan,2024-02-18,customer315@mail.com
316,Customer 316,Female,45,Multan,Pakistan,2024-12-06,customer316@mail.com
317,Customer 317,Female,41,Islamabad,Pakistan,2024-12-17,customer317@mail.com
318,Customer 318,Female,22,Lahore,Pakistan,2024-02-13,customer318@mail.com
319,Customer 319,Male,45,Lahore,Pakistan,2024-07-09,customer319@mail.com
320,Customer 320,Male,53,Karachi,Pakistan,2024-10-27,customer320@mail.com
321,Customer 321,Female,60,Lahore,Pakistan,2024-07-29,customer321@mail.com
322,Customer 322,Female,60,Faisalabad,Pakistan,2024-01-27,customer322@mail.com
323,Customer 323,Female,56,Quetta,Pakistan,2024-06-29,customer323@mail.com
324,Customer 324,Male,54,Peshawar,Pakistan,2024-03-20,customer324@mail.com
325,Customer 325,Female,32,Lahore,Pakistan,2024-06-28,customer325@mail.com
326,Customer 326,Female,25,Quetta,Pakistan,2024-10-20,customer326@mail.com
327,Customer 327,Male,45,Karachi,Pakistan,2024-11-07,customer327@mail.com
328,Customer 328,Female,19,Islamabad,Pakistan,2024-05-19,customer328@mail.com
329,Customer 329,Female,39,Multan,Pakistan,2024-01-04,customer329@mail.com
330,Customer 330,Male,27,Faisalabad,Pakistan,2024-02-05,customer330@mail.com
331,Customer 331,Male,58,Karachi,Pakistan,2024-02-16,customer331@mail.com
332,Customer 332,Male,42,Faisalabad,Pakistan,2024-08-20,customer332@mail.com
333,Customer 333,Female,28,Multan,Pakistan,2024-06-08,customer333@mail.com
334,Customer 334,Female,54,Lahore,Pakistan,2024-01-27,customer334@mail.com
335,Customer 335,Male,28,Karachi,Pakistan,2024-12-11,customer335@mail.com
336,Customer 336,Male,35,Rawalpindi,Pakistan,2024-12-04,customer336@mail.com
337,Customer 337,Female,49,Rawalpindi,Pakistan,2024-07-31,customer337@mail.com
338,Customer 338,Female,31,Lahore,Pakistan,2024-06-25,customer338@mail.com
339,Customer 339,Female,25,Quetta,Pakistan,2024-12-13,customer339@mail.com
340,Customer 340,Female,51,Quetta,Pakistan,2024-01-24,customer340@mail.com
341,Customer 341,Male,43,Karachi,Pakistan,2024-01-04,customer341@mail.com
342,Customer 342,Male,37,Peshawar,Pakistan,2024-03-11,customer342@mail.com
343,Customer 343,Female,36,Multan,Pakistan,2024-03-02,customer343@mail.com
344,Customer 344,Male,49,Faisalabad,Pakistan,2024-03-30,customer344@mail.com
345,Customer 345,Male,42,Peshawar,Pakistan,2024-09-13,customer345@mail.com
346,Customer 346,Female,22,Faisalabad,Pakistan,2024-01-22,customer346@mail.com
347,Customer 347,Female,19,Rawalpindi,Pakistan,2024-02-09,customer347@mail.com
348,Customer 348,Female,54,Faisalabad,Pakistan,2024-10-20,customer348@mail.com
349,Customer 349,Female,58,Faisalabad,Pakistan,2024-05-28,customer349@mail.com
350,Customer 350,Male,43,Karachi,Pakistan,2024-06-15,customer350@mail.com
351,Customer 351,Male,57,Rawalpindi,Pakistan,2024-12-19,customer351@mail.com
352,Customer 352,Female,23,Faisalabad,Pakistan,2024-02-24,customer352@mail.com
353,Customer 353,Male,45,Faisalabad,Pakistan,2024-09-25,customer353@mail.com
354,Customer 354,Male,43,Quetta,Pakistan,2024-06-22,customer354@mail.com
355,Customer 355,Male,39,Islamabad,Pakistan,2024-02-09,customer355@mail.com
356,Customer 356,Male,51,Peshawar,Pakistan,2024-06-27,customer356@mail.com
357,Customer 357,Female,59,Islamabad,Pakistan,2024-04-30,customer357@mail.com
358,Customer 358,Male,27,Quetta,Pakistan,2024-04-11,customer358@mail.com
359,Customer 359,Male,56,Islamabad,Pakistan,2024-12-01,customer359@mail.com
360,Customer 360,Male,29,Rawalpindi,Pakistan,2024-08-25,customer360@mail.com
361,Customer 361,Female,54,Multan,Pakistan,2024-11-17,customer361@mail.com
362,Customer 362,Female,27,Rawalpindi,Pakistan,2024-02-04,customer362@mail.com
363,Customer 363,Female,46,Quetta,Pakistan,2024-05-20,customer363@mail.com
364,Customer 364,Male,40,Lahore,Pakistan,2024-06-07,customer364@mail.com
365,Customer 365,Female,46,Karachi,Pakistan,2024-01-30,customer365@mail.com
366,Customer 366,Female,36,Lahore,Pakistan,2024-11-26,customer366@mail.com
367,Customer 367,Male,57,Faisalabad,Pakistan,2024-08-24,customer367@mail.com
368,Customer 368,Male,46,Peshawar,Pakistan,2024-06-13,customer368@mail.com
369,Customer 369,Female,50,Islamabad,Pakistan,2024-02-01,customer369@mail.com
370,Customer 370,Female,24,Multan,Pakistan,2024-12-31,customer370@mail.com
371,Customer 371,Male,50,Islamabad,Pakistan,2024-01-21,customer371@mail.com
372,Customer 372,Male,46,Rawalpindi,Pakistan,2024-09-25,customer372@mail.com
373,Customer 373,Male,41,Multan,Pakistan,2024-05-24,customer373@mail.com
374,Customer 374,Female,44,Multan,Pakistan,2024-12-13,customer374@mail.com
375,Customer 375,Male,58,Multan,Pakistan,2024-02-03,customer375@mail.com
376,Customer 376,Female,24,Faisalabad,Pakistan,2024-05-25,customer376@mail.com
377,Customer 377,Female,60,Islamabad,Pakistan,2024-06-19,customer377@mail.com
378,Customer 378,Male,55,Islamabad,Pakistan,2024-06-28,customer378@mail.com
379,Customer 379,Female,59,Faisalabad,Pakistan,2024-03-07,customer379@mail.com
380,Customer 380,Male,37,Faisalabad,Pakistan,2024-11-25,customer380@mail.com
381,Customer 381,Female,26,Lahore,Pakistan,2024-11-26,customer381@mail.com
382,Customer 382,Female,50,Multan,Pakistan,2024-01-10,customer382@mail.com
383,Customer 383,Female,37,Islamabad,Pakistan,2024-04-19,customer383@mail.com
384,Customer 384,Female,49,Peshawar,Pakistan,2024-04-25,customer384@mail.com
385,Customer 385,Male,27,Lahore,Pakistan,2024-05-31,customer385@mail.com
386,Customer 386,Male,50,Karachi,Pakistan,2024-12-04,customer386@mail.com
387,Customer 387,Female,57,Islamabad,Pakistan,2024-11-01,customer387@mail.com
388,Customer 388,Female,27,Islamabad,Pakistan,2024-04-02,customer388@mail.com
389,Customer 389,Male,46,Karachi,Pakistan,2024-07-29,customer389@mail.com
390,Customer 390,Female,33,Rawalpindi,Pakistan,2024-11-08,customer390@mail.com
391,Customer 391,Female,46,Peshawar,Pakistan,2024-09-30,customer391@mail.com
392,Customer 392,Male,37,Rawalpindi,Pakistan,2024-04-09,customer392@mail.com
393,Customer 393,Female,54,Rawalpindi,Pakistan,2024-08-24,customer393@mail.com
394,Customer 394,Female,42,Faisalabad,Pakistan,2024-03-23,customer394@mail.com
395,Customer 395,Male,56,Islamabad,Pakistan,2024-05-08,customer395@mail.com
396,Customer 396,Male,59,Rawalpindi,Pakistan,2024-07-09,customer396@mail.com
397,Customer 397,Male,51,Lahore,Pakistan,2024-05-25,customer397@mail.com
398,Customer 398,Male,28,Quetta,Pakistan,2024-08-18,customer398@mail.com
399,Customer 399,Male,45,Lahore,Pakistan,2024-04-23,customer399@mail.com
400,Customer 400,Female,40,Karachi,Pakistan,2024-07-31,customer400@mail.com
401,Customer 401,Male,43,Multan,Pakistan,2024-04-30,customer401@mail.com
402,Customer 402,Female,23,Multan,Pakistan,2024-04-24,customer402@mail.com
403,Customer 403,Male,38,Lahore,Pakistan,2024-12-31,customer403@mail.com
404,Customer 404,Female,27,Islamabad,Pakistan,2024-01-20,customer404@mail.com
405,Customer 405,Female,48,Islamabad,Pakistan,2024-12-27,customer405@mail.com
406,Customer 406,Female,46,Karachi,Pakistan,2024-02-10,customer406@mail.com
407,Customer 407,Male,34,Peshawar,Pakistan,2024-03-17,customer407@mail.com
408,Customer 408,Female,25,Quetta,Pakistan,2024-05-01,customer408@mail.com
409,Customer 409,Female,25,Karachi,Pakistan,2024-05-02,customer409@mail.com
410,Customer 410,Female,58,Rawalpindi,Pakistan,2024-02-02,customer410@mail.com
411,Customer 411,Male,49,Karachi,Pakistan,2024-11-19,customer411@mail.com
412,Customer 412,Male,27,Quetta,Pakistan,2024-08-07,customer412@mail.com
413,Customer 413,Male,57,Multan,Pakistan,2024-05-03,customer413@mail.com
414,Customer 414,Female,29,Lahore,Pakistan,2024-09-25,customer414@mail.com
415,Customer 415,Female,22,Karachi,Pakistan,2024-07-18,customer415@mail.com
416,Customer 416,Female,20,Faisalabad,Pakistan,2024-07-10,customer416@mail.com
417,Customer 417,Female,19,Multan,Pakistan,2024-02-04,customer417@mail.com
418,Customer 418,Female,33,Lahore,Pakistan,2024-10-24,customer418@mail.com
419,Customer 419,Female,26,Karachi,Pakistan,2024-06-29,customer419@mail.com
420,Customer 420,Female,59,Islamabad,Pakistan,2024-12-16,customer420@mail.com
421,Customer 421,Female,48,Islamabad,Pakistan,2024-03-10,customer421@mail.com
422,Customer 422,Male,47,Karachi,Pakistan,2024-05-30,customer422@mail.com
423,Customer 423,Male,20,Peshawar,Pakistan,2024-01-22,customer423@mail.com
424,Customer 424,Female,37,Faisalabad,Pakistan,2024-10-05,customer424@mail.com
425,Customer 425,Female,34,Karachi,Pakistan,2024-11-27,customer425@mail.com
426,Customer 426,Male,36,Multan,Pakistan,2024-01-25,customer426@mail.com
427,Customer 427,Female,35,Lahore,Pakistan,2024-07-07,customer427@mail.com
428,Customer 428,Female,43,Rawalpindi,Pakistan,2024-07-16,customer428@mail.com
429,Customer 429,Female,29,Rawalpindi,Pakistan,2024-12-20,customer429@mail.com
430,Customer 430,Female,41,Quetta,Pakistan,2024-02-12,customer430@mail.com
431,Customer 431,Female,23,Faisalabad,Pakistan,2024-11-04,customer431@mail.com
432,Customer 432,Male,52,Quetta,Pakistan,2024-06-13,customer432@mail.com
433,Customer 433,Male,23,Multan,Pakistan,2024-12-04,customer433@mail.com
434,Customer 434,Female,37,Rawalpindi,Pakistan,2024-11-04,customer434@mail.com
435,Customer 435,Female,28,Rawalpindi,Pakistan,2024-06-28,customer435@mail.com
436,Customer 436,Female,20,Multan,Pakistan,2024-11-10,customer436@mail.com
437,Customer 437,Female,35,Karachi,Pakistan,2024-02-08,customer437@mail.com
438,Customer 438,Female,41,Islamabad,Pakistan,2024-01-16,customer438@mail.com
439,Customer 439,Male,56,Rawalpindi,Pakistan,2024-01-18,customer439@mail.com
440,Customer 440,Male,22,Peshawar,Pakistan,2024-11-26,customer440@mail.com
441,Customer 441,Female,41,Faisalabad,Pakistan,2024-10-17,customer441@mail.com
442,Customer 442,Male,56,Islamabad,Pakistan,2024-12-13,customer442@mail.com
443,Customer 443,Female,41,Multan,Pakistan,2024-08-15,customer443@mail.com
444,Customer 444,Male,54,Islamabad,Pakistan,2024-09-28,customer444@mail.com
445,Customer 445,Female,43,Multan,Pakistan,2024-11-28,customer445@mail.com
446,Customer 446,Female,33,Lahore,Pakistan,2024-01-14,customer446@mail.com
447,Customer 447,Male,49,Faisalabad,Pakistan,2024-10-14,customer447@mail.com
448,Customer 448,Male,34,Quetta,Pakistan,2024-12-26,customer448@mail.com
449,Customer 449,Female,31,Quetta,Pakistan,2024-12-21,customer449@mail.com
450,Customer 450,Female,30,Lahore,Pakistan,2024-03-10,customer450@mail.com
451,Customer 451,Male,46,Islamabad,Pakistan,2024-12-31,customer451@mail.com
452,Customer 452,Female,23,Multan,Pakistan,2024-12-07,customer452@mail.com
453,Customer 453,Female,22,Quetta,Pakistan,2024-06-02,customer453@mail.com
454,Customer 454,Male,58,Islamabad,Pakistan,2024-07-04,customer454@mail.com
455,Customer 455,Male,25,Peshawar,Pakistan,2024-03-12,customer455@mail.com
456,Customer 456,Male,49,Karachi,Pakistan,2024-07-03,customer456@mail.com
457,Customer 457,Female,47,Islamabad,Pakistan,2024-11-09,customer457@mail.com
458,Customer 458,Male,22,Quetta,Pakistan,2024-07-22,customer458@mail.com
459,Customer 459,Female,51,Faisalabad,Pakistan,2024-07-28,customer459@mail.com
460,Customer 460,Male,26,Multan,Pakistan,2024-11-24,customer460@mail.com
461,Customer 461,Male,46,Rawalpindi,Pakistan,2024-12-14,customer461@mail.com
462,Customer 462,Female,26,Islamabad,Pakistan,2024-03-07,customer462@mail.com
463,Customer 463,Female,50,Karachi,Pakistan,2024-03-04,customer463@mail.com
464,Customer 464,Male,37,Islamabad,Pakistan,2024-03-23,customer464@mail.com
465,Customer 465,Female,32,Multan,Pakistan,2024-09-22,customer465@mail.com
466,Customer 466,Female,23,Quetta,Pakistan,2024-04-10,customer466@mail.com
467,Customer 467,Female,26,Quetta,Pakistan,2024-11-10,customer467@mail.com
468,Customer 468,Male,50,Islamabad,Pakistan,2024-10-30,customer468@mail.com
469,Customer 469,Male,28,Multan,Pakistan,2024-10-15,customer469@mail.com
470,Customer 470,Male,19,Lahore,Pakistan,2024-01-24,customer470@mail.com
471,Customer 471,Female,59,Peshawar,Pakistan,2024-10-19,customer471@mail.com
472,Customer 472,Female,57,Karachi,Pakistan,2024-09-11,customer472@mail.com
473,Customer 473,Female,59,Quetta,Pakistan,2024-09-04,customer473@mail.com
474,Customer 474,Male,43,Quetta,Pakistan,2024-08-20,customer474@mail.com
475,Customer 475,Male,21,Islamabad,Pakistan,2024-08-13,customer475@mail.com
476,Customer 476,Female,48,Rawalpindi,Pakistan,2024-04-14,customer476@mail.com
477,Customer 477,Female,56,Islamabad,Pakistan,2024-06-09,customer477@mail.com
478,Customer 478,Female,40,Faisalabad,Pakistan,2024-03-07,customer478@mail.com
479,Customer 479,Female,50,Lahore,Pakistan,2024-06-12,customer479@mail.com
480,Customer 480,Male,47,Lahore,Pakistan,2024-05-16,customer480@mail.com
481,Customer 481,Female,33,Islamabad,Pakistan,2024-02-19,customer481@mail.com
482,Customer 482,Male,36,Faisalabad,Pakistan,2024-11-11,customer482@mail.com
483,Customer 483,Female,33,Islamabad,Pakistan,2024-06-16,customer483@mail.com
484,Customer 484,Female,30,Islamabad,Pakistan,2024-09-12,customer484@mail.com
485,Customer 485,Female,49,Quetta,Pakistan,2024-09-11,customer485@mail.com
486,Customer 486,Male,23,Faisalabad,Pakistan,2024-09-15,customer486@mail.com
487,Customer 487,Female,33,Peshawar,Pakistan,2024-10-25,customer487@mail.com
488,Customer 488,Female,21,Karachi,Pakistan,2024-05-24,customer488@mail.com
489,Customer 489,Female,56,Rawalpindi,Pakistan,2024-05-26,customer489@mail.com
490,Customer 490,Male,24,Faisalabad,Pakistan,2024-03-09,customer490@mail.com
491,Customer 491,Female,41,Faisalabad,Pakistan,2024-07-06,customer491@mail.com
492,Customer 492,Male,43,Karachi,Pakistan,2024-10-18,customer492@mail.com
493,Customer 493,Male,41,Quetta,Pakistan,2024-02-07,customer493@mail.com
494,Customer 494,Female,50,Rawalpindi,Pakistan,2024-10-08,customer494@mail.com
495,Customer 495,Female,57,Lahore,Pakistan,2024-03-06,customer495@mail.com
496,Customer 496,Male,43,Multan,Pakistan,2024-06-22,customer496@mail.com
497,Customer 497,Female,27,Peshawar,Pakistan,2024-11-04,customer497@mail.com
498,Customer 498,Female,50,Karachi,Pakistan,2024-01-24,customer498@mail.com
499,Customer 499,Male,26,Multan,Pakistan,2024-08-30,customer499@mail.com
500,Customer 500,Female,27,Islamabad,Pakistan,2024-06-16,customer500@mail.com
