OrderID,CustomerID,ProductID,OrderDate,Quantity,PaymentMethod,Status
1,274,320,2025-11-01,1,Cash,Completed
2,11,25,2025-08-02,1,Wallet,Completed
3,243,360,2025-04-16,2,Cash,Completed
4,340,267,2025-11-15,3,Card,Completed
5,317,61,2025-02-28,3,Cash,Completed
6,399,135,2025-04-14,5,Bank,Completed
7,21,281,2025-04-17,4,Wallet,Completed
8,77,487,2025-09-19,1,Cash,Completed
9,330,119,2025-06-01,4,Bank,Completed
10,185,411,2025-08-07,3,Cash,Completed
11,184,458,2025-11-15,4,Bank,Completed
12,176,94,2025-07-25,1,Wallet,Completed
13,354,436,2025-08-04,4,Card,Completed
14,31,483,2025-02-23,2,Wallet,Completed
15,348,225,2025-11-09,2,Wallet,Completed
16,451,430,2025-09-05,2,Wallet,Completed
17,33,134,2025-01-07,3,Card,Completed
18,353,359,2025-02-18,5,Wallet,Completed
19,340,347,2025-03-18,4,Cash,Completed
20,241,437,2025-03-26,4,Cash,Completed
21,282,330,2025-07-26,4,Card,Completed
22,294,230,2025-09-13,1,Wallet,Completed
23,382,335,2025-02-22,1,Wallet,Completed
24,1,423,2025-11-06,1,Bank,Completed
25,423,28,2025-08-21,2,Bank,Completed
26,187,367,2025-02-28,4,Cash,Completed
27,360,55,2025-03-26,1,Wallet,Completed
28,477,437,2025-04-21,4,Wallet,Completed
29,235,338,2025-09-16,5,Card,Completed
30,25,284,2025-10-27,4,Wallet,Completed
31,89,375,2025-02-23,2,Wallet,Completed
32,197,215,2025-12-21,5,Card,Completed
33,497,151,2025-03-10,4,Card,Completed
34,360,281,2025-12-31,3,Card,Completed
35,149,352,2025-12-11,3,Card,Completed
36,356,327,2025-12-30,3,Cash,Completed
37,293,483,2025-12-12,4,Bank,Completed
38,13,196,2025-01-28,2,Cash,Completed
39,83,147,2025-03-16,3,Cash,Completed
40,53,316,2025-04-25,5,Wallet,Completed
41,409,357,2025-12-21,3,Cash,Completed
42,404,500,2025-10-10,3,Cash,Completed
43,467,325,2025-10-29,3,Card,Completed
44,91,350,2025-04-06,1,Card,Completed
45,67,83,2025-05-11,5,Cash,Completed
46,80,21,2025-06-15,2,Cash,Completed
47,294,282,2025-02-07,3,Bank,Completed
48,267,35,2025-03-23,5,Wallet,Completed
49,179,114,2025-12-06,2,Bank,Completed
50,487,386,2025-09-29,5,Wallet,Completed
51,491,21,2025-07-15,3,Cash,Completed
52,145,13,2025-07-11,5,Wallet,Completed
53,334,99,2025-09-21,3,Cash,Completed
54,396,276,2025-01-04,5,Cash,Completed
55,218,428,2025-04-16,1,Wallet,Completed
56,79,13,2025-06-19,4,Cash,Completed
57,467,133,2025-07-18,4,Wallet,Completed
58,9,200,2025-10-01,1,Cash,Completed
59,300,24,2025-07-03,1,Cash,Completed
60,145,392,2025-07-15,4,Wallet,Completed
61,274,113,2025-07-20,2,Bank,Completed
62,455,469,2025-01-06,3,Card,Completed
63,108,384,2025-04-19,3,Wallet,Completed
64,59,93,2025-01-28,5,Wallet,Completed
65,102,372,2025-09-07,5,Bank,Completed
66,121,52,2025-11-14,3,Cash,Completed
67,169,316,2025-12-22,3,Card,Completed
68,491,220,2025-01-03,2,Bank,Completed
69,329,224,2025-07-04,3,Card,Completed
70,237,229,2025-06-06,3,Wallet,Completed
71,457,276,2025-05-15,2,Cash,Completed
72,435,260,2025-10-25,1,Wallet,Completed
73,283,134,2025-10-04,5,Wallet,Completed
74,115,457,2025-05-29,5,Card,Completed
75,204,187,2025-01-06,5,Card,Completed
76,72,229,2025-04-02,2,Card,Completed
77,21,113,2025-04-29,4,Cash,Completed
78,241,470,2025-01-24,4,Cash,Completed
79,297,279,2025-03-31,5,Wallet,Completed
80,335,460,2025-09-22,1,Bank,Completed
81,181,419,2025-09-07,3,Wallet,Completed
82,72,226,2025-04-28,2,Cash,Completed
83,339,118,2025-06-19,4,Cash,Completed
84,303,83,2025-01-12,4,Card,Completed
85,83,69,2025-01-21,5,Card,Completed
86,93,265,2025-11-03,4,Cash,Completed
87,111,230,2025-08-30,5,Wallet,Completed
88,308,74,2025-04-04,5,Bank,Completed
89,306,303,2025-04-28,1,Wallet,Completed
90,311,50,2025-09-01,2,Cash,Completed
91,48,247,2025-11-05,2,Cash,Completed
92,190,448,2025-12-24,1,Wallet,Completed
93,196,180,2025-12-23,5,Cash,Completed
94,393,120,2025-05-26,1,Wallet,Completed
95,267,4,2025-12-02,4,Card,Completed
96,55,80,2025-11-30,4,Bank,Completed
97,188,314,2025-12-15,3,Wallet,Completed
98,286,248,2025-07-09,2,Wallet,Completed
99,397,362,2025-03-12,4,Cash,Completed
100,359,487,2025-02-21,2,Card,Completed
101,411,282,2025-12-23,5,Cash,Completed
102,3,412,2025-03-16,1,Wallet,Completed
103,312,20,2025-07-25,4,Bank,Completed
104,420,90,2025-08-13,4,Cash,Completed
105,18,402,2025-09-19,5,Card,Completed
106,185,123,2025-03-22,1,Cash,Completed
107,203,208,2025-04-13,5,Cash,Completed
108,282,146,2025-10-26,5,Bank,Completed
109,295,3,2025-03-31,3,Wallet,Completed
110,258,151,2025-03-01,3,Bank,Completed
111,495,194,2025-09-05,5,Card,Completed
112,460,301,2025-09-04,1,Cash,Completed
113,404,113,2025-06-11,2,Wallet,Completed
114,359,427,2025-05-08,3,Bank,Completed
115,421,176,2025-10-11,1,Card,Completed
116,458,294,2025-04-04,3,Card,Completed
117,118,104,2025-11-13,2,Bank,Completed
118,392,439,2025-01-22,5,Wallet,Completed
119,452,460,2025-05-21,5,Wallet,Completed
120,114,385,2025-03-07,5,Cash,Completed
121,277,17,2025-06-27,5,Wallet,Completed
122,62,358,2025-08-24,5,Bank,Completed
123,186,314,2025-04-06,3,Bank,Completed
124,314,176,2025-04-05,3,Wallet,Completed
125,386,191,2025-07-25,3,Bank,Completed
126,295,352,2025-02-21,2,Bank,Completed
127,196,101,2025-03-18,2,Wallet,Completed
128,69,458,2025-10-01,5,Bank,Completed
129,440,291,2025-07-23,1,Cash,Completed
130,231,382,2025-05-14,3,Bank,Completed
131,415,132,2025-01-11,3,Wallet,Completed
132,494,311,2025-10-23,2,Card,Completed
133,262,250,2025-02-10,4,Wallet,Completed
134,490,75,2025-11-24,2,Bank,Completed
135,37,41,2025-06-25,2,Card,Completed
136,364,137,2025-11-27,5,Wallet,Completed
137,481,186,2025-09-24,5,Wallet,Completed
138,482,381,2025-04-18,1,Card,Completed
139,14,395,2025-09-26,4,Cash,Completed
140,44,336,2025-06-08,4,Card,Completed
141,65,68,2025-03-29,5,Cash,Completed
142,167,443,2025-08-28,4,Bank,Completed
143,324,384,2025-08-11,5,Bank,Completed
144,413,46,2025-06-07,4,Bank,Completed
145,147,241,2025-01-05,5,Wallet,Completed
146,408,4,2025-07-11,5,Card,Completed
147,128,84,2025-07-13,4,Card,Completed
148,123,265,2025-12-22,5,Bank,Completed
149,212,97,2025-04-04,1,Card,Completed
150,317,232,2025-12-25,3,Wallet,Completed
151,498,53,2025-05-18,3,Card,Completed
152,120,47,2025-01-08,2,Wallet,Completed
153,403,410,2025-07-10,4,Wallet,Completed
154,432,385,2025-01-29,2,Bank,Completed
155,93,99,2025-07-15,3,Cash,Completed
156,500,227,2025-01-18,2,Card,Completed
157,107,243,2025-12-15,4,Bank,Completed
158,22,382,2025-09-24,5,Cash,Completed
159,102,185,2025-12-08,1,Card,Completed
160,167,8,2025-05-22,2,Cash,Completed
161,191,395,2025-05-08,1,Card,Completed
162,174,477,2025-01-31,1,Bank,Completed
163,406,55,2025-09-07,2,Card,Completed
164,388,178,2025-04-09,4,Cash,Completed
165,69,129,2025-09-06,1,Wallet,Completed
166,251,98,2025-04-06,5,Bank,Completed
167,426,307,2025-03-24,5,Cash,Completed
168,420,135,2025-07-07,5,Wallet,Completed
169,95,453,2025-11-14,1,Bank,Completed
170,33,338,2025-07-18,5,Card,Completed
171,79,314,2025-06-15,3,Wallet,Completed
172,428,481,2025-04-02,2,Cash,Completed
173,51,17,2025-11-25,5,Wallet,Completed
174,360,303,2025-01-26,3,Bank,Completed
175,240,411,2025-07-04,1,Wallet,Completed
176,137,271,2025-02-06,1,Bank,Completed
177,50,52,2025-09-30,2,Wallet,Completed
178,128,292,2025-10-13,2,Wallet,Completed
179,296,184,2025-12-26,4,Wallet,Completed
180,282,206,2025-06-22,5,Card,Completed
181,463,162,2025-06-16,5,Bank,Completed
182,166,312,2025-10-16,2,Card,Completed
183,131,185,2025-08-18,4,Wallet,Completed
184,306,9,2025-03-11,5,Bank,Completed
185,110,439,2025-01-12,3,Bank,Completed
186,475,293,2025-02-18,2,Cash,Completed
187,132,416,2025-02-17,3,Wallet,Completed
188,371,167,2025-03-30,4,Wallet,Completed
189,154,20,2025-07-15,5,Cash,Completed
190,419,223,2025-03-03,4,Card,Completed
191,324,196,2025-06-06,1,Cash,Completed
192,168,258,2025-03-20,2,Cash,Completed
193,386,305,2025-09-16,5,Cash,Completed
194,202,76,2025-06-22,2,Cash,Completed
195,135,44,2025-09-14,4,Wallet,Completed
196,247,287,2025-09-07,2,Wallet,Completed
197,377,269,2025-05-05,2,Cash,Completed
198,474,295,2025-02-27,1,Wallet,Completed
199,165,177,2025-12-02,5,Cash,Completed
200,316,421,2025-11-16,4,Card,Completed
201,120,103,2025-03-21,3,Cash,Completed
202,8,176,2025-06-06,1,Wallet,Completed
203,379,276,2025-04-15,2,Bank,Completed
204,73,356,2025-07-12,1,Cash,Completed
205,239,336,2025-02-04,1,Wallet,Completed
206,468,338,2025-02-25,3,Cash,Completed
207,249,444,2025-09-30,5,Cash,Completed
208,235,288,2025-01-21,1,Card,Completed
209,202,382,2025-01-10,2,Bank,Completed
210,155,121,2025-05-22,5,Cash,Completed
211,456,418,2025-10-12,1,Bank,Completed
212,202,337,2025-02-14,2,Wallet,Completed
213,294,79,2025-06-09,4,Bank,Completed
214,159,353,2025-03-11,5,Wallet,Completed
215,286,273,2025-04-05,1,Bank,Completed
216,451,499,2025-07-30,4,Bank,Completed
217,14,391,2025-11-12,5,Bank,Completed
218,119,352,2025-07-03,1,Cash,Completed
219,95,437,2025-09-09,4,Wallet,Completed
220,487,212,2025-12-10,2,Card,Completed
221,353,167,2025-05-07,4,Wallet,Completed
222,423,195,2025-07-21,3,Cash,Completed
223,424,450,2025-05-06,1,Wallet,Completed
224,265,392,2025-04-08,1,Bank,Completed
225,397,424,2025-08-25,3,Card,Completed
226,28,354,2025-03-14,5,Wallet,Completed
227,202,212,2025-08-19,3,Cash,Completed
228,365,459,2025-08-21,2,Cash,Completed
229,465,365,2025-03-05,2,Cash,Completed
230,44,269,2025-09-19,4,Card,Completed
231,394,88,2025-10-17,3,Card,Completed
232,159,374,2025-05-28,4,Card,Completed
233,2,319,2025-01-07,3,Wallet,Completed
234,3,312,2025-05-02,4,Card,Completed
235,227,41,2025-11-04,5,Cash,Completed
236,322,286,2025-01-26,2,Card,Completed
237,19,75,2025-12-08,1,Bank,Completed
238,345,146,2025-12-05,5,Card,Completed
239,48,394,2025-06-15,3,Bank,Completed
240,432,282,2025-05-30,1,Wallet,Completed
241,141,169,2025-07-31,5,Card,Completed
242,56,293,2025-02-14,5,Wallet,Completed
243,435,163,2025-09-27,3,Bank,Completed
244,324,255,2025-04-03,4,Card,Completed
245,1,61,2025-08-27,1,Cash,Completed
246,213,212,2025-06-20,1,Bank,Completed
247,405,35,2025-06-03,3,Bank,Completed
248,175,203,2025-11-12,5,Cash,Completed
249,174,473,2025-08-31,4,Cash,Completed
250,322,236,2025-06-21,5,Wallet,Completed
251,154,290,2025-10-12,3,Cash,Completed
252,455,408,2025-02-03,3,Card,Completed
253,193,321,2025-03-26,5,Wallet,Completed
254,385,158,2025-12-30,3,Cash,Completed
255,425,487,2025-04-21,3,Bank,Completed
256,20,399,2025-02-17,2,Wallet,Completed
257,464,257,2025-04-08,2,Bank,Completed
258,168,74,2025-09-22,1,Card,Completed
259,366,443,2025-03-01,5,Cash,Completed
260,305,447,2025-06-20,1,Wallet,Completed
261,338,382,2025-01-12,3,Bank,Completed
262,99,147,2025-09-30,3,Bank,Completed
263,81,141,2025-01-08,1,Cash,Completed
264,164,139,2025-12-27,2,Bank,Completed
265,26,67,2025-08-30,1,Cash,Completed
266,316,183,2025-06-20,3,Card,Completed
267,48,417,2025-02-19,4,Wallet,Completed
268,486,115,2025-11-12,2,Bank,Completed
269,233,250,2025-02-03,1,Wallet,Completed
270,434,88,2025-06-28,3,Card,Completed
271,366,408,2025-06-16,1,Cash,Completed
272,303,212,2025-11-14,2,Card,Completed
273,197,34,2025-04-17,3,Wallet,Completed
274,121,89,2025-12-31,1,Wallet,Completed
275,50,421,2025-04-01,4,Bank,Completed
276,351,417,2025-07-14,5,Bank,Completed
277,339,77,2025-09-30,4,Bank,Completed
278,292,407,2025-08-11,3,Bank,Completed
279,262,207,2025-05-31,2,Cash,Completed
280,1,361,2025-07-03,5,Cash,Completed
281,365,196,2025-07-15,4,Wallet,Completed
282,244,72,2025-10-12,2,Wallet,Completed
283,6,37,2025-03-15,1,Wallet,Completed
284,70,44,2025-11-25,2,Wallet,Completed
285,233,261,2025-10-10,4,Wallet,Completed
286,434,375,2025-12-31,2,Bank,Completed
287,18,20,2025-09-05,5,Bank,Completed
288,41,73,2025-05-24,5,Wallet,Completed
289,313,46,2025-08-30,2,Cash,Completed
290,160,314,2025-06-25,1,Cash,Completed
291,241,294,2025-08-04,3,Bank,Completed
292,32,323,2025-10-24,4,Card,Completed
293,150,415,2025-01-14,5,Bank,Completed
294,68,316,2025-05-21,3,Bank,Completed
295,466,303,2025-12-04,2,Wallet,Completed
296,359,121,2025-04-03,4,Cash,Completed
297,305,479,2025-09-11,2,Wallet,Completed
298,372,327,2025-04-18,2,Bank,Completed
299,60,27,2025-08-26,2,Wallet,Completed
300,486,386,2025-04-30,5,Wallet,Completed
301,75,272,2025-01-07,4,Bank,Completed
302,493,272,2025-02-19,1,Bank,Completed
303,137,411,2025-05-11,1,Wallet,Completed
304,302,395,2025-09-24,2,Bank,Completed
305,6,345,2025-02-04,1,Cash,Completed
306,351,229,2025-04-23,3,Bank,Completed
307,487,307,2025-12-29,1,Cash,Completed
308,392,461,2025-04-05,5,Cash,Completed
309,240,339,2025-11-24,1,Wallet,Completed
310,342,395,2025-05-12,3,Card,Completed
311,196,199,2025-01-31,3,Bank,Completed
312,252,476,2025-11-09,2,Wallet,Completed
313,315,330,2025-08-15,1,Bank,Completed
314,10,460,2025-03-18,4,Cash,Completed
315,359,169,2025-10-22,4,Cash,Completed
316,207,433,2025-10-04,1,Card,Completed
317,419,400,2025-03-04,4,Bank,Completed
318,324,491,2025-07-07,1,Bank,Completed
319,149,332,2025-04-01,2,Cash,Completed
320,200,459,2025-11-19,1,Bank,Completed
321,225,377,2025-03-13,2,Cash,Completed
322,304,123,2025-07-19,4,Cash,Completed
323,495,428,2025-01-09,4,Cash,Completed
324,370,22,2025-03-02,4,Card,Completed
325,348,446,2025-03-18,5,Card,Completed
326,251,335,2025-08-30,1,Cash,Completed
327,234,313,2025-10-30,2,Cash,Completed
328,410,316,2025-02-02,2,Card,Completed
329,378,348,2025-06-16,4,Cash,Completed
330,304,89,2025-02-02,3,Cash,Completed
331,87,357,2025-10-11,3,Card,Completed
332,21,69,2025-11-20,1,Wallet,Completed
333,42,4,2025-04-02,1,Cash,Completed
334,414,406,2025-12-21,4,Card,Completed
335,268,231,2025-05-03,4,Card,Completed
336,368,256,2025-02-15,5,Bank,Completed
337,317,186,2025-09-17,5,Card,Completed
338,100,58,2025-12-17,2,Wallet,Completed
339,146,108,2025-05-09,4,Bank,Completed
340,403,15,2025-09-21,4,Cash,Completed
341,304,297,2025-08-03,3,Card,Completed
342,122,378,2025-04-13,4,Wallet,Completed
343,249,28,2025-03-16,4,Card,Completed
344,324,184,2025-04-14,3,Bank,Completed
345,31,144,2025-02-26,2,Wallet,Completed
346,405,407,2025-03-29,5,Card,Completed
347,251,442,2025-10-30,2,Wallet,Completed
348,168,223,2025-04-24,5,Card,Completed
349,23,21,2025-09-16,4,Cash,Completed
350,415,409,2025-08-20,1,Wallet,Completed
351,7,355,2025-04-22,4,Card,Completed
352,343,157,2025-12-27,2,Wallet,Completed
353,238,396,2025-12-27,2,Wallet,Completed
354,361,325,2025-11-18,1,Cash,Completed
355,152,219,2025-12-24,3,Card,Completed
356,172,377,2025-09-21,1,Bank,Completed
357,239,317,2025-07-07,1,Bank,Completed
358,288,364,2025-03-12,2,Bank,Completed
359,165,181,2025-09-15,3,Wallet,Completed
360,241,364,2025-12-14,5,Bank,Completed
361,485,355,2025-04-07,1,Wallet,Completed
362,92,148,2025-02-25,1,Card,Completed
363,255,78,2025-09-24,2,Cash,Completed
364,278,478,2025-08-31,2,Bank,Completed
365,11,150,2025-02-02,2,Cash,Completed
366,211,297,2025-12-02,3,Bank,Completed
367,228,235,2025-10-18,3,Card,Completed
368,117,248,2025-05-28,3,Cash,Completed
369,490,86,2025-03-24,5,Bank,Completed
370,355,464,2025-03-24,2,Card,Completed
371,295,65,2025-05-14,4,Bank,Completed
372,18,341,2025-06-26,3,Card,Completed
373,84,274,2025-03-04,3,Cash,Completed
374,486,235,2025-03-21,3,Cash,Completed
375,170,332,2025-08-31,3,Bank,Completed
376,374,465,2025-06-23,4,Cash,Completed
377,72,348,2025-03-01,5,Bank,Completed
378,113,229,2025-02-17,3,Bank,Completed
379,114,401,2025-04-11,3,Cash,Completed
380,347,344,2025-09-20,1,Wallet,Completed
381,310,262,2025-12-08,1,Bank,Completed
382,219,190,2025-07-10,4,Cash,Completed
383,229,448,2025-02-14,5,Card,Completed
384,213,412,2025-05-28,4,Card,Completed
385,213,72,2025-11-03,5,Cash,Completed
386,445,269,2025-02-03,3,Wallet,Completed
387,469,140,2025-03-31,4,Wallet,Completed
388,22,422,2025-10-27,3,Bank,Completed
389,115,14,2025-03-20,1,Bank,Completed
390,92,252,2025-01-15,2,Cash,Completed
391,35,307,2025-10-25,3,Wallet,Completed
392,322,352,2025-12-22,4,Cash,Completed
393,9,433,2025-03-25,3,Cash,Completed
394,355,70,2025-03-25,3,Cash,Completed
395,467,490,2025-01-25,3,Bank,Completed
396,40,264,2025-11-18,2,Card,Completed
397,447,162,2025-05-19,3,Bank,Completed
398,422,74,2025-03-12,1,Bank,Completed
399,472,467,2025-02-22,2,Card,Completed
400,236,470,2025-03-01,1,Card,Completed
401,354,186,2025-08-15,2,Bank,Completed
402,439,356,2025-12-19,2,Card,Completed
403,40,10,2025-08-09,4,Cash,Completed
404,61,466,2025-01-23,3,Cash,Completed
405,401,64,2025-04-16,5,Card,Completed
406,181,83,2025-11-10,5,Card,Completed
407,367,99,2025-03-29,3,Cash,Completed
408,472,259,2025-07-07,4,Card,Completed
409,110,264,2025-07-28,2,Cash,Completed
410,267,70,2025-07-04,4,Bank,Completed
411,234,308,2025-12-18,3,Wallet,Completed
412,438,220,2025-02-05,2,Wallet,Completed
413,203,225,2025-12-04,5,Cash,Completed
414,356,303,2025-03-28,1,Cash,Completed
415,305,433,2025-03-04,4,Card,Completed
416,366,393,2025-10-31,5,Bank,Completed
417,342,309,2025-09-06,4,Bank,Completed
418,322,483,2025-01-16,2,Cash,Completed
419,256,348,2025-04-02,1,Wallet,Completed
420,339,385,2025-09-10,5,Wallet,Completed
421,252,259,2025-10-05,3,Bank,Completed
422,197,231,2025-07-12,3,Wallet,Completed
423,252,221,2025-06-09,2,Wallet,Completed
424,252,338,2025-12-17,5,Wallet,Completed
425,260,29,2025-05-15,4,Wallet,Completed
426,181,393,2025-06-14,3,Cash,Completed
427,195,50,2025-06-26,4,Bank,Completed
428,304,44,2025-06-06,1,Cash,Completed
429,291,264,2025-05-17,4,Cash,Completed
430,163,194,2025-07-19,5,Bank,Completed
431,52,354,2025-06-22,2,Wallet,Completed
432,255,326,2025-10-02,1,Card,Completed
433,320,381,2025-10-24,1,Cash,Completed
434,291,411,2025-09-01,5,Wallet,Completed
435,334,422,2025-09-16,3,Bank,Completed
436,213,206,2025-11-16,3,Wallet,Completed
437,110,339,2025-05-18,4,Wallet,Completed
438,187,237,2025-05-04,2,Card,Completed
439,211,164,2025-11-21,1,Card,Completed
440,331,83,2025-12-18,3,Card,Completed
441,238,249,2025-08-12,5,Wallet,Completed
442,405,412,2025-12-04,3,Card,Completed
443,249,401,2025-01-29,1,Cash,Completed
444,462,490,2025-07-06,4,Cash,Completed
445,255,453,2025-05-02,1,Cash,Completed
446,378,200,2025-08-05,2,Card,Completed
447,131,442,2025-01-29,5,Wallet,Completed
448,58,163,2025-08-05,5,Wallet,Completed
449,451,402,2025-07-05,2,Wallet,Completed
450,11,331,2025-01-18,5,Cash,Completed
451,197,159,2025-12-17,3,Cash,Completed
452,199,5,2025-05-11,4,Bank,Completed
453,441,456,2025-08-13,2,Bank,Completed
454,141,444,2025-09-09,1,Wallet,Completed
455,171,368,2025-02-21,4,Card,Completed
456,181,216,2025-10-08,5,Bank,Completed
457,329,329,2025-11-19,2,Wallet,Completed
458,295,43,2025-03-22,1,Card,Completed
459,352,211,2025-08-20,3,Wallet,Completed
460,352,304,2025-05-25,3,Card,Completed
461,202,449,2025-10-20,4,Card,Completed
462,332,314,2025-02-15,2,Wallet,Completed
463,87,26,2025-11-13,4,Wallet,Completed
464,8,368,2025-08-11,5,Wallet,Completed
465,148,383,2025-07-15,4,Card,Completed
466,422,145,2025-08-03,2,Card,Completed
467,465,128,2025-10-26,3,Wallet,Completed
468,447,166,2025-12-18,4,Card,Completed
469,377,306,2025-02-07,3,Cash,Completed
470,311,481,2025-12-30,5,Cash,Completed
471,196,155,2025-12-10,4,Bank,Completed
472,477,174,2025-03-09,4,Cash,Completed
473,134,60,2025-01-23,3,Card,Completed
474,475,221,2025-05-15,3,Bank,Completed
475,85,162,2025-03-19,4,Wallet,Completed
476,134,84,2025-08-12,4,Cash,Completed
477,364,288,2025-08-23,4,Wallet,Completed
478,428,87,2025-05-20,5,Card,Completed
479,293,93,2025-02-09,4,Card,Completed
480,14,146,2025-07-21,1,Bank,Completed
481,79,15,2025-08-24,1,Wallet,Completed
482,3,169,2025-12-02,1,Wallet,Completed
483,409,29,2025-10-08,1,Wallet,Completed
484,123,495,2025-02-15,4,Cash,Completed
485,207,146,2025-03-03,2,Bank,Completed
486,472,159,2025-03-09,5,Bank,Completed
487,263,103,2025-08-17,4,Wallet,Completed
488,217,47,2025-07-08,4,Card,Completed
489,332,352,2025-09-11,2,Cash,Completed
490,465,411,2025-06-03,4,Card,Completed
491,268,219,2025-10-19,3,Cash,Completed
492,263,56,2025-08-06,5,Wallet,Completed
493,292,417,2025-07-01,3,Bank,Completed
494,9,59,2025-04-02,4,Card,Completed
495,301,371,2025-12-10,4,Wallet,Completed
496,471,447,2025-04-19,2,Card,Completed
497,55,223,2025-01-10,5,Cash,Completed
498,445,337,2025-09-07,5,Bank,Completed
499,494,354,2025-06-04,4,Cash,Completed
500,440,14,2025-09-04,2,Card,Completed
501,321,440,2025-04-08,5,Cash,Completed
502,463,79,2025-09-06,4,Wallet,Completed
503,104,151,2025-07-20,5,Cash,Completed
504,435,254,2025-11-02,5,Bank,Completed
505,263,303,2025-12-14,5,Wallet,Completed
506,217,296,2025-10-11,3,Cash,Completed
507,60,254,2025-11-27,5,Bank,Completed
508,177,225,2025-09-17,2,Card,Completed
509,437,432,2025-03-09,4,Bank,Completed
510,427,482,2025-08-30,3,Card,Completed
511,384,45,2025-03-08,4,Card,Completed
512,52,407,2025-09-10,4,Bank,Completed
513,10,184,2025-07-02,3,Card,Completed
514,317,117,2025-10-15,1,Card,Completed
515,402,182,2025-10-13,1,Bank,Completed
516,54,362,2025-08-13,1,Wallet,Completed
517,313,401,2025-10-15,1,Cash,Completed
518,81,373,2025-12-29,3,Wallet,Completed
519,51,79,2025-06-21,3,Card,Completed
520,213,394,2025-05-06,1,Wallet,Completed
521,44,137,2025-08-01,3,Bank,Completed
522,71,411,2025-07-31,4,Wallet,Completed
523,186,484,2025-08-15,1,Card,Completed
524,44,174,2025-07-25,3,Card,Completed
525,19,339,2025-10-22,2,Cash,Completed
526,215,206,2025-06-05,5,Bank,Completed
527,461,271,2025-03-17,5,Wallet,Completed
528,320,404,2025-11-30,5,Wallet,Completed
529,401,333,2025-04-12,4,Bank,Completed
530,200,372,2025-09-24,2,Bank,Completed
531,160,267,2025-11-22,3,Card,Completed
532,277,304,2025-05-04,3,Bank,Completed
533,57,375,2025-07-10,1,Bank,Completed
534,25,388,2025-08-18,1,Bank,Completed
535,121,413,2025-10-17,5,Card,Completed
536,402,418,2025-12-11,5,Card,Completed
537,127,54,2025-09-22,3,Card,Completed
538,48,32,2025-03-08,4,Wallet,Completed
539,447,136,2025-09-13,5,Wallet,Completed
540,214,422,2025-03-15,2,Card,Completed
541,234,243,2025-03-22,1,Bank,Completed
542,268,79,2025-07-10,1,Bank,Completed
543,15,406,2025-03-14,2,Wallet,Completed
544,111,94,2025-01-02,4,Cash,Completed
545,290,232,2025-07-13,3,Wallet,Completed
546,259,326,2025-08-19,4,Wallet,Completed
547,120,461,2025-06-23,4,Cash,Completed
548,331,46,2025-12-29,2,Cash,Completed
549,64,330,2025-02-13,5,Card,Completed
550,28,491,2025-09-25,5,Card,Completed
551,62,338,2025-04-03,5,Cash,Completed
552,414,274,2025-06-14,5,Wallet,Completed
553,479,12,2025-08-12,3,Card,Completed
554,163,196,2025-02-16,3,Cash,Completed
555,79,158,2025-12-14,4,Card,Completed
556,51,164,2025-07-31,2,Bank,Completed
557,461,62,2025-04-14,1,Card,Completed
558,386,259,2025-02-28,4,Bank,Completed
559,209,34,2025-01-15,4,Wallet,Completed
560,10,138,2025-10-28,5,Cash,Completed
561,65,156,2025-07-28,5,Wallet,Completed
562,401,126,2025-08-05,5,Wallet,Completed
563,493,425,2025-05-29,5,Card,Completed
564,247,140,2025-05-09,5,Wallet,Completed
565,262,145,2025-03-24,1,Cash,Completed
566,63,426,2025-10-12,2,Bank,Completed
567,491,411,2025-12-16,3,Bank,Completed
568,363,232,2025-05-06,3,Bank,Completed
569,307,169,2025-12-21,1,Card,Completed
570,3,462,2025-12-11,1,Card,Completed
571,361,251,2025-10-03,4,Cash,Completed
572,457,427,2025-12-11,4,Cash,Completed
573,184,199,2025-12-23,2,Cash,Completed
574,99,228,2025-04-24,1,Cash,Completed
575,120,253,2025-01-19,3,Bank,Completed
576,446,143,2025-09-14,5,Wallet,Completed
577,302,66,2025-03-07,1,Bank,Completed
578,374,401,2025-04-09,3,Cash,Completed
579,349,287,2025-01-02,4,Wallet,Completed
580,166,222,2025-05-21,4,Cash,Completed
581,186,265,2025-04-25,1,Cash,Completed
582,162,3,2025-04-10,4,Bank,Completed
583,116,354,2025-02-08,4,Card,Completed
584,33,321,2025-01-15,1,Wallet,Completed
585,321,479,2025-05-09,3,Card,Completed
586,267,407,2025-02-07,2,Wallet,Completed
587,44,499,2025-01-18,1,Wallet,Completed
588,32,471,2025-01-29,4,Bank,Completed
589,436,196,2025-02-19,4,Wallet,Completed
590,238,408,2025-11-14,4,Cash,Completed
591,169,301,2025-02-25,2,Cash,Completed
592,431,100,2025-03-06,5,Bank,Completed
593,318,228,2025-05-05,2,Card,Completed
594,299,454,2025-03-16,5,Card,Completed
595,150,189,2025-09-23,1,Card,Completed
596,428,287,2025-08-05,1,Bank,Completed
597,104,403,2025-06-24,1,Card,Completed
598,240,308,2025-10-24,3,Bank,Completed
599,84,54,2025-01-22,4,Wallet,Completed
600,355,118,2025-11-16,4,Card,Completed
601,488,418,2025-07-12,3,Card,Completed
602,4,186,2025-02-07,1,Bank,Completed
603,23,500,2025-04-12,1,Card,Completed
604,434,284,2025-04-02,2,Card,Completed
605,467,52,2025-12-13,1,Card,Completed
606,108,157,2025-05-03,4,Bank,Completed
607,410,320,2025-12-31,4,Cash,Completed
608,67,407,2025-04-09,2,Wallet,Completed
609,220,326,2025-01-24,2,Card,Completed
610,168,127,2025-11-19,1,Bank,Completed
611,454,251,2025-02-11,2,Wallet,Completed
612,266,238,2025-06-14,2,Bank,Completed
613,254,243,2025-10-25,3,Wallet,Completed
614,203,112,2025-08-06,3,Wallet,Completed
615,192,131,2025-02-13,5,Card,Completed
616,181,118,2025-01-22,5,Wallet,Completed
617,240,222,2025-07-08,4,Wallet,Completed
618,92,227,2025-05-16,2,Cash,Completed
619,257,263,2025-11-26,5,Cash,Completed
620,171,101,2025-05-09,3,Bank,Completed
621,5,395,2025-05-25,3,Bank,Completed
622,388,336,2025-08-30,1,Card,Completed
623,265,301,2025-08-28,5,Wallet,Completed
624,97,220,2025-04-18,4,Wallet,Completed
625,483,378,2025-09-13,1,Bank,Completed
626,352,386,2025-12-20,4,Bank,Completed
627,17,473,2025-03-20,2,Bank,Completed
628,105,486,2025-02-02,4,Wallet,Completed
629,48,88,2025-12-12,1,Card,Completed
630,106,120,2025-12-04,3,Cash,Completed
631,6,88,2025-07-30,3,Wallet,Completed
632,490,463,2025-03-08,2,Card,Completed
633,341,244,2025-11-06,2,Bank,Completed
634,351,235,2025-04-14,3,Cash,Completed
635,467,292,2025-08-24,4,Wallet,Completed
636,148,331,2025-06-27,4,Bank,Completed
637,92,461,2025-08-10,5,Wallet,Completed
638,49,202,2025-05-03,1,Card,Completed
639,470,35,2025-09-10,2,Wallet,Completed
640,40,387,2025-09-16,1,Bank,Completed
641,14,38,2025-07-15,4,Bank,Completed
642,204,20,2025-05-09,1,Cash,Completed
643,384,238,2025-08-25,4,Cash,Completed
644,366,487,2025-03-13,4,Wallet,Completed
645,151,64,2025-07-20,5,Card,Completed
646,79,226,2025-04-02,3,Card,Completed
647,273,111,2025-12-23,4,Cash,Completed
648,367,338,2025-07-19,1,Bank,Completed
649,25,396,2025-04-14,4,Card,Completed
650,173,421,2025-12-15,2,Cash,Completed
651,426,341,2025-03-27,2,Cash,Completed
652,479,278,2025-08-08,4,Cash,Completed
653,335,162,2025-07-19,1,Card,Completed
654,35,454,2025-07-30,2,Bank,Completed
655,53,365,2025-10-19,5,Card,Completed
656,324,357,2025-12-14,4,Card,Completed
657,453,353,2025-12-08,3,Wallet,Completed
658,262,328,2025-09-15,2,Cash,Completed
659,460,64,2025-05-02,3,Wallet,Completed
660,78,193,2025-11-25,2,Cash,Completed
661,169,69,2025-06-12,3,Cash,Completed
662,148,385,2025-04-28,1,Bank,Completed
663,312,447,2025-09-24,4,Bank,Completed
664,34,446,2025-02-05,4,Card,Completed
665,65,47,2025-10-31,2,Card,Completed
666,370,102,2025-08-06,2,Card,Completed
667,296,230,2025-05-20,2,Wallet,Completed
668,86,242,2025-08-05,4,Wallet,Completed
669,305,276,2025-10-11,2,Card,Completed
670,233,146,2025-10-15,4,Wallet,Completed
671,3,7,2025-07-11,5,Wallet,Completed
672,497,381,2025-07-16,3,Wallet,Completed
673,20,472,2025-07-17,1,Card,Completed
674,395,468,2025-09-18,3,Wallet,Completed
675,334,198,2025-05-07,4,Card,Completed
676,186,324,2025-12-24,1,Card,Completed
677,76,131,2025-11-05,2,Card,Completed
678,330,365,2025-07-23,4,Cash,Completed
679,85,425,2025-05-10,4,Bank,Completed
680,196,301,2025-07-30,3,Cash,Completed
681,138,384,2025-07-23,2,Bank,Completed
682,1,50,2025-12-23,1,Wallet,Completed
683,376,221,2025-04-01,2,Bank,Completed
684,291,417,2025-04-06,2,Card,Completed
685,99,133,2025-08-14,4,Cash,Completed
686,33,176,2025-10-27,1,Card,Completed
687,52,5,2025-05-17,1,Cash,Completed
688,309,267,2025-09-06,3,Wallet,Completed
689,350,456,2025-06-11,3,Card,Completed
690,30,500,2025-06-19,3,Cash,Completed
691,206,372,2025-01-14,2,Cash,Completed
692,385,418,2025-07-08,2,Wallet,Completed
693,339,97,2025-11-23,1,Bank,Completed
694,497,414,2025-12-14,3,Wallet,Completed
695,314,407,2025-06-28,1,Wallet,Completed
696,151,311,2025-12-31,2,Card,Completed
697,427,345,2025-08-28,5,Card,Completed
698,277,124,2025-04-19,2,Card,Completed
699,476,476,2025-07-16,3,Bank,Completed
700,488,460,2025-12-07,1,Card,Completed
701,330,176,2025-07-15,4,Wallet,Completed
702,149,45,2025-02-15,1,Bank,Completed
703,60,294,2025-03-07,3,Bank,Completed
704,303,275,2025-07-18,2,Wallet,Completed
705,479,408,2025-09-24,2,Card,Completed
706,418,483,2025-04-23,3,Wallet,Completed
707,159,258,2025-05-21,1,Wallet,Completed
708,361,495,2025-01-31,4,Bank,Completed
709,479,415,2025-12-25,2,Cash,Completed
710,154,418,2025-01-12,2,Wallet,Completed
711,179,388,2025-07-20,4,Cash,Completed
712,473,100,2025-07-21,5,Cash,Completed
713,298,444,2025-12-30,1,Bank,Completed
714,227,357,2025-05-30,4,Card,Completed
715,101,377,2025-07-05,1,Cash,Completed
716,219,348,2025-01-29,2,Cash,Completed
717,497,77,2025-05-06,4,Cash,Completed
718,155,353,2025-03-30,5,Wallet,Completed
719,443,419,2025-05-21,4,Wallet,Completed
720,12,301,2025-10-21,5,Wallet,Completed
721,93,197,2025-11-27,4,Wallet,Completed
722,417,359,2025-07-21,1,Wallet,Completed
723,276,366,2025-04-17,1,Cash,Completed
724,21,66,2025-04-16,5,Card,Completed
725,386,18,2025-03-05,1,Bank,Completed
726,154,24,2025-05-31,5,Wallet,Completed
727,268,467,2025-11-07,3,Card,Completed
728,23,122,2025-04-07,1,Card,Completed
729,309,283,2025-10-30,2,Bank,Completed
730,217,39,2025-05-11,5,Bank,Completed
731,43,484,2025-12-13,3,Wallet,Completed
732,37,323,2025-11-21,3,Card,Completed
733,332,421,2025-11-06,5,Card,Completed
734,404,223,2025-01-14,4,Card,Completed
735,169,328,2025-07-05,1,Bank,Completed
736,116,141,2025-02-20,1,Wallet,Completed
737,401,474,2025-03-31,1,Bank,Completed
738,312,51,2025-03-29,1,Bank,Completed
739,380,348,2025-10-10,5,Wallet,Completed
740,352,263,2025-12-03,2,Card,Completed
741,137,28,2025-12-29,3,Card,Completed
742,94,225,2025-08-28,3,Bank,Completed
743,368,452,2025-06-06,2,Cash,Completed
744,433,47,2025-02-09,1,Card,Completed
745,44,381,2025-10-11,3,Wallet,Completed
746,478,375,2025-09-03,2,Wallet,Completed
747,208,8,2025-04-08,5,Cash,Completed
748,384,177,2025-12-05,2,Cash,Completed
749,346,477,2025-04-26,5,Card,Completed
750,264,181,2025-08-05,1,Wallet,Completed
751,58,174,2025-10-04,2,Cash,Completed
752,136,110,2025-11-20,1,Wallet,Completed
753,492,330,2025-01-19,5,Wallet,Completed
754,153,182,2025-01-03,1,Bank,Completed
755,5,52,2025-09-09,4,Card,Completed
756,79,211,2025-09-07,1,Cash,Completed
757,220,457,2025-10-02,2,Bank,Completed
758,225,83,2025-07-01,2,Wallet,Completed
759,364,102,2025-04-08,1,Bank,Completed
760,381,170,2025-03-24,1,Card,Completed
761,167,385,2025-09-14,4,Wallet,Completed
762,406,11,2025-03-21,2,Bank,Completed
763,122,27,2025-08-08,3,Cash,Completed
764,249,43,2025-05-07,4,Card,Completed
765,359,127,2025-04-12,4,Wallet,Completed
766,258,313,2025-04-07,2,Card,Completed
767,219,10,2025-04-13,5,Cash,Completed
768,157,359,2025-04-24,2,Bank,Completed
769,57,138,2025-05-24,3,Bank,Completed
770,1,27,2025-04-19,3,Bank,Completed
771,52,221,2025-05-10,2,Wallet,Completed
772,50,343,2025-12-16,1,Card,Completed
773,186,381,2025-09-28,5,Bank,Completed
774,323,381,2025-03-03,5,Cash,Completed
775,483,280,2025-06-25,5,Bank,Completed
776,104,274,2025-01-23,2,Card,Completed
777,130,457,2025-06-27,5,Bank,Completed
778,35,248,2025-09-26,4,Cash,Completed
779,67,149,2025-10-17,1,Cash,Completed
780,204,254,2025-09-20,5,Cash,Completed
781,197,288,2025-07-25,4,Bank,Completed
782,258,363,2025-05-13,5,Bank,Completed
783,283,61,2025-04-25,2,Cash,Completed
784,328,76,2025-03-10,3,Bank,Completed
785,108,274,2025-01-01,1,Bank,Completed
786,485,362,2025-05-16,5,Card,Completed
787,30,321,2025-07-02,1,Card,Completed
788,485,335,2025-11-17,3,Card,Completed
789,105,298,2025-03-21,4,Wallet,Completed
790,462,246,2025-09-11,1,Card,Completed
791,91,97,2025-09-09,5,Card,Completed
792,352,312,2025-02-05,2,Card,Completed
793,371,270,2025-01-07,2,Cash,Completed
794,128,395,2025-05-18,1,Card,Completed
795,5,491,2025-10-05,1,Bank,Completed
796,158,170,2025-03-21,4,Card,Completed
797,322,279,2025-01-11,1,Cash,Completed
798,262,454,2025-03-14,4,Cash,Completed
799,116,472,2025-12-18,4,Cash,Completed
800,115,53,2025-07-02,3,Cash,Completed
801,310,78,2025-08-08,2,Bank,Completed
802,77,458,2025-11-16,3,Bank,Completed
803,256,339,2025-05-16,3,Cash,Completed
804,76,164,2025-07-19,2,Wallet,Completed
805,58,296,2025-05-23,4,Card,Completed
806,94,393,2025-06-30,4,Bank,Completed
807,499,212,2025-11-22,5,Bank,Completed
808,282,255,2025-10-01,5,Wallet,Completed
809,197,43,2025-08-04,5,Card,Completed
810,286,243,2025-02-26,2,Cash,Completed
811,444,399,2025-05-31,2,Wallet,Completed
812,468,216,2025-04-18,2,Card,Completed
813,376,14,2025-07-10,4,Cash,Completed
814,38,245,2025-03-22,5,Cash,Completed
815,77,392,2025-08-29,2,Card,Completed
816,154,241,2025-06-22,4,Wallet,Completed
817,80,31,2025-11-06,1,Card,Completed
818,471,293,2025-06-06,5,Card,Completed
819,48,268,2025-03-06,4,Card,Completed
820,245,161,2025-07-14,4,Card,Completed
821,100,139,2025-02-23,1,Cash,Completed
822,109,306,2025-06-08,1,Card,Completed
823,17,124,2025-02-13,3,Cash,Completed
824,183,385,2025-07-23,3,Card,Completed
825,499,67,2025-06-19,1,Wallet,Completed
826,301,408,2025-09-02,4,Cash,Completed
827,453,111,2025-03-24,2,Bank,Completed
828,185,320,2025-01-21,4,Wallet,Completed
829,311,39,2025-10-18,2,Wallet,Completed
830,49,233,2025-03-28,3,Bank,Completed
831,187,181,2025-02-06,1,Card,Completed
832,243,132,2025-11-29,4,Card,Completed
833,439,318,2025-08-14,2,Bank,Completed
834,350,212,2025-08-19,5,Bank,Completed
835,330,30,2025-12-25,2,Cash,Completed
836,82,292,2025-02-07,4,Card,Completed
837,179,239,2025-11-25,4,Wallet,Completed
838,103,206,2025-02-03,3,Bank,Completed
839,233,20,2025-03-21,5,Wallet,Completed
840,17,308,2025-02-01,4,Bank,Completed
841,139,130,2025-02-12,2,Card,Completed
842,153,448,2025-08-03,4,Card,Completed
843,494,386,2025-03-26,3,Card,Completed
844,275,353,2025-12-23,2,Wallet,Completed
845,288,401,2025-04-12,5,Cash,Completed
846,422,481,2025-01-08,3,Card,Completed
847,163,59,2025-05-15,4,Cash,Completed
848,328,497,2025-02-19,5,Cash,Completed
849,280,397,2025-11-04,2,Wallet,Completed
850,417,187,2025-06-04,1,Bank,Completed
851,333,234,2025-07-30,4,Bank,Completed
852,499,392,2025-02-28,3,Card,Completed
853,284,305,2025-10-05,2,Wallet,Completed
854,353,349,2025-11-21,4,Bank,Completed
855,413,429,2025-02-15,1,Cash,Completed
856,258,298,2025-12-08,1,Bank,Completed
857,101,439,2025-03-05,4,Bank,Completed
858,331,361,2025-01-04,4,Bank,Completed
859,451,338,2025-06-07,3,Wallet,Completed
860,14,79,2025-09-23,3,Bank,Completed
861,221,124,2025-07-20,5,Card,Completed
862,411,478,2025-08-08,5,Card,Completed
863,89,207,2025-09-22,3,Card,Completed
864,432,391,2025-10-11,3,Card,Completed
865,15,317,2025-02-10,5,Wallet,Completed
866,325,324,2025-04-06,3,Card,Completed
867,275,431,2025-07-13,2,Bank,Completed
868,479,74,2025-11-23,1,Cash,Completed
869,63,55,2025-05-25,2,Bank,Completed
870,52,252,2025-07-31,1,Cash,Completed
871,414,83,2025-06-02,2,Cash,Completed
872,315,308,2025-01-03,5,Card,Completed
873,99,311,2025-10-02,1,Cash,Completed
874,111,444,2025-02-28,3,Card,Completed
875,141,247,2025-02-17,2,Bank,Completed
876,240,382,2025-08-12,4,Wallet,Completed
877,53,299,2025-06-09,5,Card,Completed
878,229,217,2025-05-20,5,Bank,Completed
879,220,103,2025-06-30,5,Bank,Completed
880,456,18,2025-05-10,5,Wallet,Completed
881,16,59,2025-06-15,2,Wallet,Completed
882,75,400,2025-03-04,3,Cash,Completed
883,110,239,2025-06-14,5,Card,Completed
884,309,109,2025-04-22,5,Cash,Completed
885,485,453,2025-10-21,1,Wallet,Completed
886,164,102,2025-01-26,2,Wallet,Completed
887,216,62,2025-08-20,1,Card,Completed
888,122,296,2025-05-26,1,Cash,Completed
889,146,68,2025-01-19,4,Cash,Completed
890,141,163,2025-07-24,3,Cash,Completed
891,25,202,2025-12-23,3,Wallet,Completed
892,481,317,2025-01-15,1,Card,Completed
893,88,46,2025-07-08,2,Cash,Completed
894,402,23,2025-01-25,1,Bank,Completed
895,314,406,2025-05-19,4,Card,Completed
896,327,229,2025-09-25,1,Card,Completed
897,500,144,2025-09-05,3,Card,Completed
898,365,43,2025-10-13,3,Card,Completed
899,39,498,2025-01-31,4,Card,Completed
900,198,97,2025-02-23,4,Bank,Completed
901,161,390,2025-12-29,3,Wallet,Completed
902,55,469,2025-04-23,2,Bank,Completed
903,263,104,2025-04-07,4,Cash,Completed
904,237,449,2025-02-26,1,Card,Completed
905,136,61,2025-02-13,5,Bank,Completed
906,226,140,2025-02-20,3,Cash,Completed
907,217,100,2025-04-07,3,Wallet,Completed
908,253,266,2025-02-25,4,Cash,Completed
909,113,59,2025-01-19,1,Bank,Completed
910,142,116,2025-12-25,5,Wallet,Completed
911,106,88,2025-06-27,2,Bank,Completed
912,49,95,2025-12-25,5,Wallet,Completed
913,353,123,2025-06-11,2,Cash,Completed
914,234,73,2025-12-08,1,Wallet,Completed
915,348,390,2025-11-01,1,Bank,Completed
916,127,242,2025-01-24,1,Cash,Completed
917,269,258,2025-03-17,2,Cash,Completed
918,172,232,2025-06-29,4,Bank,Completed
919,235,7,2025-06-04,3,Bank,Completed
920,211,439,2025-12-04,2,Card,Completed
921,106,382,2025-04-10,1,Wallet,Completed
922,450,321,2025-08-19,5,Card,Completed
923,201,302,2025-05-22,4,Bank,Completed
924,360,176,2025-03-04,5,Wallet,Completed
925,497,5,2025-12-17,4,Card,Completed
926,149,320,2025-12-07,5,Card,Completed
927,410,151,2025-08-21,1,Cash,Completed
928,64,28,2025-06-06,4,Cash,Completed
929,1,26,2025-03-12,3,Bank,Completed
930,394,288,2025-02-14,2,Bank,Completed
931,471,42,2025-04-23,3,Cash,Completed
932,205,496,2025-05-14,1,Bank,Completed
933,350,394,2025-05-09,2,Card,Completed
934,280,94,2025-08-12,4,Cash,Completed
935,161,258,2025-08-28,3,Bank,Completed
936,211,237,2025-10-14,1,Cash,Completed
937,315,465,2025-05-05,3,Bank,Completed
938,450,151,2025-07-21,1,Card,Completed
939,391,448,2025-08-24,5,Cash,Completed
940,333,55,2025-11-01,3,Cash,Completed
941,443,32,2025-10-27,1,Cash,Completed
942,288,380,2025-03-11,4,Card,Completed
943,160,369,2025-09-06,1,Card,Completed
944,127,105,2025-08-31,1,Cash,Completed
945,475,63,2025-07-27,3,Wallet,Completed
946,280,134,2025-12-15,5,Wallet,Completed
947,326,12,2025-03-14,2,Card,Completed
948,280,103,2025-09-03,4,Bank,Completed
949,253,189,2025-07-20,3,Wallet,Completed
950,417,218,2025-01-15,2,Bank,Completed
951,6,298,2025-01-18,3,Wallet,Completed
952,240,452,2025-05-22,4,Cash,Completed
953,441,258,2025-06-28,2,Wallet,Completed
954,367,440,2025-05-23,2,Bank,Completed
955,331,248,2025-08-30,4,Card,Completed
956,270,133,2025-12-24,2,Bank,Completed
957,425,207,2025-01-24,1,Cash,Completed
958,166,390,2025-05-02,2,Cash,Completed
959,216,473,2025-02-01,1,Bank,Completed
960,38,227,2025-11-07,3,Cash,Completed
961,101,130,2025-08-13,4,Bank,Completed
962,223,417,2025-04-09,5,Cash,Completed
963,343,50,2025-01-18,2,Card,Completed
964,291,280,2025-06-24,1,Card,Completed
965,427,107,2025-08-31,5,Bank,Completed
966,411,35,2025-08-07,4,Wallet,Completed
967,256,119,2025-11-04,1,Bank,Completed
968,149,473,2025-07-19,3,Bank,Completed
969,39,274,2025-05-04,5,Bank,Completed
970,457,57,2025-08-30,5,Bank,Completed
971,455,392,2025-03-13,1,Card,Completed
972,340,468,2025-05-01,1,Wallet,Completed
973,37,487,2025-11-03,4,Cash,Completed
974,139,371,2025-02-23,1,Cash,Completed
975,401,436,2025-01-11,2,Cash,Completed
976,441,195,2025-10-10,1,Wallet,Completed
977,357,65,2025-12-26,4,Wallet,Completed
978,100,176,2025-01-30,4,Card,Completed
979,117,212,2025-10-18,5,Cash,Completed
980,40,30,2025-08-13,2,Card,Completed
981,309,336,2025-05-30,2,Card,Completed
982,63,337,2025-02-09,1,Bank,Completed
983,377,417,2025-04-23,3,Wallet,Completed
984,400,283,2025-12-01,3,Card,Completed
985,278,258,2025-01-28,1,Bank,Completed
986,105,467,2025-09-24,2,Card,Completed
987,121,358,2025-11-29,4,Wallet,Completed
988,18,139,2025-10-29,3,Wallet,Completed
989,10,442,2025-07-16,4,Wallet,Completed
990,339,157,2025-10-05,1,Bank,Completed
991,465,135,2025-04-21,5,Cash,Completed
992,401,374,2025-02-25,1,Wallet,Completed
993,481,274,2025-08-06,4,Bank,Completed
994,474,122,2025-01-08,2,Bank,Completed
995,293,203,2025-11-12,1,Bank,Completed
996,401,335,2025-01-07,5,Cash,Completed
997,434,92,2025-08-25,4,Cash,Completed
998,495,184,2025-11-23,4,Card,Completed
999,41,142,2025-10-10,5,Bank,Completed
1000,445,254,2025-04-27,2,Card,Completed
